id,y_pred
0,134.36800901017526
1,134.36800901017526
2,137.21380187548377
3,137.21380187548377
4,137.5088855999908
5,137.5088855999908
6,138.4215568749422
7,138.4215568749422
8,137.6862465474521
9,137.6862465474521
10,41.13801105224831
11,41.13801105224831
12,42.40351112313854
13,42.40351112313854
14,42.126209514437534
15,42.126209514437534
16,42.126209514437534
17,42.126209514437534
18,42.47030034986335
19,42.47030034986335
20,110.86241311917776
21,110.86241311917776
22,111.65282651137049
23,111.65282651137049
24,110.67128524037982
25,110.67128524037982
26,113.63248108457638
27,113.63248108457638
28,113.91888480585065
29,113.91888480585065
30,128.95148356074262
31,128.95148356074262
32,133.201083275281
33,133.201083275281
34,136.34610561429264
35,136.34610561429264
36,137.1952896063407
37,137.1952896063407
38,137.09580894680735
39,137.09580894680735
40,21.613568098504043
41,21.613568098504043
42,21.613568098504043
43,21.613568098504043
44,21.689955548593506
45,21.689955548593506
46,21.80144775290437
47,21.80144775290437
48,21.613568098504043
49,21.613568098504043
50,20.590806007692045
51,20.590806007692045
52,20.590806007692045
53,20.590806007692045
54,21.187994440754288
55,21.187994440754288
56,20.476613016620263
57,20.476613016620263
58,20.590806007692045
59,20.590806007692045
60,142.840253018344
61,142.840253018344
62,146.17080893964524
63,146.17080893964524
64,150.43976656948286
65,150.43976656948286
66,152.48483349874215
67,152.1895015022545
68,151.80940067366424
69,151.80940067366424
70,29.122500498946724
71,29.122500498946724
72,30.951534896568727
73,30.951534896568727
74,31.95372747571095
75,31.95372747571095
76,33.66673890889452
77,33.66673890889452
78,33.66673890889452
79,33.66673890889452
80,2.3335888266941818
81,2.3335888266941818
82,2.3335888266941818
83,2.3335888266941818
84,2.3335888266941818
85,2.3335888266941818
86,2.3335888266941818
87,2.3335888266941818
88,2.3335888266941818
89,2.3335888266941818
90,86.79943674910848
91,86.79943674910848
92,89.39665319047809
93,89.39665319047809
94,90.95479353093947
95,90.95479353093947
96,91.43841890926053
97,91.43841890926053
98,93.1532461206845
99,93.1532461206845
100,19.259413351174647
101,19.259413351174647
102,20.17775012213548
103,20.17775012213548
104,16.53160041899849
105,16.53160041899849
106,14.164753141883851
107,14.164753141883851
108,13.74991467320973
109,13.74991467320973
110,39.896829094364
111,39.896829094364
112,38.82457712834042
113,38.82457712834042
114,38.61414127169186
115,38.61414127169186
116,39.53577179582142
117,39.53577179582142
118,39.53577179582142
119,39.53577179582142
120,111.71308043291974
121,111.71308043291974
122,117.86776572045251
123,117.86776572045251
124,120.12425115294481
125,120.12425115294481
126,120.12425115294481
127,120.12425115294481
128,120.12425115294481
129,120.12425115294481
130,144.03762377613282
131,144.03762377613282
132,150.92775550599742
133,150.92775550599742
134,153.83494051137225
135,153.83494051137225
136,154.36554428500466
137,154.070212288517
138,155.44287079823127
139,155.44287079823127
140,157.84025936864055
141,157.84025936864055
142,157.12610556121263
143,157.12610556121263
144,157.12610556121263
145,157.12610556121263
146,157.46396459103428
147,157.46396459103428
148,161.26896405031883
149,161.26896405031883
150,13.318145973834081
151,13.318145973834081
152,13.381829953466111
153,13.381829953466111
154,14.675689340436406
155,14.675689340436406
156,14.279991072931244
157,14.279991072931244
158,14.187538566292291
159,14.187538566292291
160,263.118310886001
161,263.118310886001
162,268.7455784136674
163,268.7455784136674
164,274.692688661997
165,274.692688661997
166,271.5660729374481
167,271.2707409409604
168,268.4502464171797
169,268.4502464171797
170,21.700043499859902
171,21.700043499859902
172,21.9154961286491
173,21.9154961286491
174,22.32189280414772
175,22.32189280414772
176,22.699265911259253
177,22.699265911259253
178,22.94964376320644
179,22.94964376320644
180,127.48847158916652
181,127.48847158916652
182,138.23556134015848
183,138.23556134015848
184,139.38788242986217
185,139.38788242986217
186,143.15072633889991
187,143.15072633889991
188,144.9703971789451
189,144.9703971789451
190,35.4608201426388
191,35.4608201426388
192,34.68458817281442
193,34.68458817281442
194,36.26961853388734
195,36.26961853388734
196,33.83641153330329
197,33.83641153330329
198,35.01664326435898
199,35.01664326435898
200,44.51771090073185
201,44.51771090073185
202,44.426310896995
203,44.426310896995
204,44.51771090073185
205,44.51771090073185
206,44.51771090073185
207,44.51771090073185
208,44.51771090073185
209,44.51771090073185
210,38.04003725894656
211,38.04003725894656
212,39.1614747910462
213,39.1614747910462
214,38.81687104887945
215,38.81687104887945
216,38.68964605366091
217,38.68964605366091
218,39.96401687761904
219,39.96401687761904
220,68.54805858782751
221,68.54805858782751
222,70.82684352363749
223,70.82684352363749
224,73.92589166998269
225,73.92589166998269
226,74.3098304352979
227,74.3098304352979
228,75.92496322655474
229,75.92496322655474
230,25.039887064064864
231,25.039887064064864
232,25.122894527162153
233,25.122894527162153
234,25.719623733710414
235,25.719623733710414
236,26.534262501540756
237,26.534262501540756
238,29.140933430290488
239,29.140933430290488
240,30.45730594200111
241,30.45730594200111
242,30.45730594200111
243,30.45730594200111
244,30.570369270976055
245,30.570369270976055
246,30.677646066542522
247,30.677646066542522
248,30.759737345353972
249,30.759737345353972
250,115.72101825068009
251,115.72101825068009
252,120.46773281282937
253,120.46773281282937
254,121.39709719608366
255,121.39709719608366
256,120.46773281282937
257,120.46773281282937
258,120.15131260065712
259,120.15131260065712
260,11.38224801468987
261,11.38224801468987
262,10.92073002091805
263,10.92073002091805
264,10.844342570828587
265,10.844342570828587
266,11.217560122497973
267,11.217560122497973
268,11.419299099273728
269,11.419299099273728
270,194.5429960404494
271,194.79669083370842
272,197.9247747763113
273,197.9247747763113
274,200.48822944777277
275,200.48822944777277
276,203.00394915331486
277,202.70861715682722
278,204.93832215658043
279,204.93832215658043
280,17.528963521619584
281,17.528963521619584
282,17.70917866113866
283,17.70917866113866
284,18.01852603030638
285,18.01852603030638
286,18.409606375879125
287,18.409606375879125
288,18.409606375879125
289,18.409606375879125
290,31.52390621471768
291,31.52390621471768
292,33.65295275947813
293,33.65295275947813
294,33.8428442638585
295,33.8428442638585
296,33.12478563995759
297,33.12478563995759
298,32.75270922940923
299,32.75270922940923
300,35.516413020637614
301,35.516413020637614
302,35.65659366805653
303,35.65659366805653
304,37.18987062272581
305,37.18987062272581
306,38.20407248114757
307,38.20407248114757
308,38.11837583876848
309,38.11837583876848
310,16.138990580858767
311,16.138990580858767
312,16.326870235259086
313,16.326870235259086
314,16.835656210571962
315,16.835656210571962
316,16.775394342235746
317,16.775394342235746
318,16.490698300831333
319,16.490698300831333
320,53.21005399510064
321,53.21005399510064
322,55.11523419568764
323,55.11523419568764
324,52.6959081562563
325,52.6959081562563
326,49.12697238676848
327,49.12697238676848
328,56.071987259153694
329,56.071987259153694
330,31.28635197542943
331,31.28635197542943
332,32.51973950997885
333,32.51973950997885
334,32.050837929452186
335,32.050837929452186
336,31.690187955923825
337,31.690187955923825
338,31.690187955923825
339,31.690187955923825
340,77.99989870346441
341,77.99989870346441
342,77.99989870346441
343,77.99989870346441
344,77.99989870346441
345,77.99989870346441
346,77.99989870346441
347,77.99989870346441
348,78.4403375512553
349,78.4403375512553
350,18.669271182257376
351,18.669271182257376
352,20.16507806025928
353,20.16507806025928
354,21.04057309449164
355,21.04057309449164
356,21.75345384380319
357,21.75345384380319
358,23.36335951785475
359,23.36335951785475
360,29.860165345007843
361,29.860165345007843
362,32.39631867602452
363,32.39631867602452
364,32.73851489718297
365,32.73851489718297
366,35.21546191771827
367,35.21546191771827
368,34.54273320490286
369,34.54273320490286
370,43.89971682487817
371,43.89971682487817
372,42.66883352728263
373,42.66883352728263
374,42.66883352728263
375,42.66883352728263
376,42.8466898226624
377,42.8466898226624
378,43.095205275050596
379,43.095205275050596
380,71.67911221869302
381,71.67911221869302
382,74.42320109988933
383,74.42320109988933
384,76.03473071185138
385,76.03473071185138
386,77.51069173174322
387,77.51069173174322
388,75.79628963545575
389,75.79628963545575
390,14.620698893735648
391,14.620698893735648
392,13.949596000830883
393,13.949596000830883
394,14.19911231257922
395,14.19911231257922
396,14.930474182517177
397,14.930474182517177
398,14.902905304255126
399,14.902905304255126
400,131.58392286567477
401,131.58392286567477
402,134.40361690901003
403,134.40361690901003
404,134.40908096535546
405,134.40908096535546
406,130.86378071356796
407,130.86378071356796
408,128.90838693453284
409,128.90838693453284
410,8.178600798550905
411,8.178600798550905
412,8.178600798550905
413,8.178600798550905
414,8.178600798550905
415,8.178600798550905
416,8.366480452951228
417,8.366480452951228
418,8.716506242412185
419,8.716506242412185
420,33.98342553507752
421,33.98342553507752
422,35.593971304815426
423,35.593971304815426
424,36.346196780070066
425,36.346196780070066
426,39.648428398443535
427,39.648428398443535
428,39.648428398443535
429,39.648428398443535
430,167.74753039686345
431,167.74753039686345
432,171.97901203219203
433,171.97901203219203
434,170.2019303443112
435,170.2019303443112
436,163.53060729374312
437,163.53060729374312
438,161.33738626971598
439,161.33738626971598
440,36.35817212679923
441,36.35817212679923
442,36.35817212679923
443,36.35817212679923
444,36.35817212679923
445,36.35817212679923
446,36.35817212679923
447,36.35817212679923
448,37.750984100904866
449,37.750984100904866
450,72.799403538512
451,72.799403538512
452,75.17096253552215
453,75.17096253552215
454,76.6842780135935
455,76.6842780135935
456,76.83104116874503
457,76.83104116874503
458,79.57519639818666
459,79.57519639818666
460,15.799274808268521
461,15.799274808268521
462,15.799274808268521
463,15.799274808268521
464,15.799274808268521
465,15.799274808268521
466,15.799274808268521
467,15.799274808268521
468,15.799274808268521
469,15.799274808268521
470,17.086621690276512
471,17.086621690276512
472,17.086621690276512
473,17.086621690276512
474,17.39774252671134
475,17.39774252671134
476,17.95372373227858
477,17.95372373227858
478,18.371205846184157
479,18.371205846184157
480,34.931294513496944
481,34.931294513496944
482,34.32821316346821
483,34.32821316346821
484,34.46350557589968
485,34.46350557589968
486,35.06658692592841
487,35.06658692592841
488,35.43738507947526
489,35.43738507947526
490,31.104529354254545
491,31.104529354254545
492,30.865712347671174
493,30.865712347671174
494,31.104529354254545
495,31.104529354254545
496,31.427147235253123
497,31.427147235253123
498,32.35115080634672
499,32.35115080634672
500,93.67385043813293
501,93.67385043813293
502,95.49475907471773
503,95.49475907471773
504,94.69955069354704
505,94.69955069354704
506,95.17883214962939
507,95.17883214962939
508,95.49475907471773
509,95.49475907471773
510,34.63308939073269
511,34.63308939073269
512,35.56173975425061
513,35.56173975425061
514,36.28526813213744
515,36.28526813213744
516,36.292945954583
517,36.292945954583
518,35.60694643635137
519,35.60694643635137
520,124.39762777297884
521,124.39762777297884
522,123.02132848113736
523,123.02132848113736
524,122.82853798809093
525,122.82853798809093
526,123.02132848113736
527,123.02132848113736
528,124.39762777297884
529,124.39762777297884
530,60.23479566069729
531,60.23479566069729
532,63.31082725311714
533,63.31082725311714
534,63.60237200238186
535,63.60237200238186
536,61.532636802002926
537,61.532636802002926
538,64.16466640990963
539,64.16466640990963
540,25.386294759100362
541,25.386294759100362
542,25.049172182316298
543,25.049172182316298
544,25.116211991885706
545,25.116211991885706
546,25.51610627802369
547,25.51610627802369
548,26.385124395160165
549,26.385124395160165
550,30.680169507003146
551,30.680169507003146
552,27.880018680185938
553,27.880018680185938
554,26.571076308544054
555,26.571076308544054
556,26.802574492046656
557,26.802574492046656
558,29.88553709485188
559,29.88553709485188
560,85.84103967549268
561,85.84103967549268
562,89.52138260994126
563,89.52138260994126
564,90.31766657985665
565,90.31766657985665
566,91.01414517456442
567,91.01414517456442
568,91.01414517456442
569,91.01414517456442
570,23.687742388397265
571,23.687742388397265
572,25.35289144327844
573,25.35289144327844
574,22.24915085614409
575,22.24915085614409
576,20.974155934830296
577,20.974155934830296
578,23.702697099341062
579,23.702697099341062
580,24.80166055349891
581,24.80166055349891
582,25.60547033204135
583,25.60547033204135
584,26.726661089047695
585,26.726661089047695
586,25.919403567200945
587,25.919403567200945
588,25.049431704044686
589,25.049431704044686
590,108.1294973705458
591,108.1294973705458
592,108.1294973705458
593,108.1294973705458
594,107.4914059263782
595,107.4914059263782
596,107.42721627049065
597,107.42721627049065
598,108.1294973705458
599,108.1294973705458
600,240.03495378496436
601,240.03495378496436
602,241.94311249866462
603,241.94311249866462
604,246.27317620358934
605,246.27317620358934
606,244.67022911406843
607,244.3748971175808
608,245.4696366838763
609,245.4696366838763
610,28.20153685997426
611,28.20153685997426
612,27.02735226498176
613,27.02735226498176
614,27.647766940468205
615,27.647766940468205
616,28.891492501553078
617,28.891492501553078
618,30.037051980371263
619,30.037051980371263
620,132.33775563215497
621,132.33775563215497
622,133.98765005771236
623,133.98765005771236
624,133.8456133941629
625,133.8456133941629
626,134.3367659510779
627,134.3367659510779
628,134.68578355834174
629,134.68578355834174
630,31.241822145419434
631,31.241822145419434
632,31.67193411945321
633,31.67193411945321
634,34.958842843948084
635,34.958842843948084
636,33.91190646531866
637,33.91190646531866
638,31.348866377370975
639,31.348866377370975
640,158.61947323016332
641,158.61947323016332
642,159.50284197360995
643,159.50284197360995
644,161.37046809318272
645,161.37046809318272
646,163.69473425780475
647,163.69473425780475
648,164.42340575043377
649,164.42340575043377
650,103.10789123462565
651,103.10789123462565
652,105.67221344301936
653,105.67221344301936
654,106.72961088126294
655,106.72961088126294
656,106.97562108791921
657,106.97562108791921
658,108.93940417937215
659,108.93940417937215
660,38.42963391997173
661,38.42963391997173
662,38.182410458355356
663,38.182410458355356
664,38.04222981093644
665,38.04222981093644
666,37.53595325080957
667,37.53595325080957
668,37.013127259745225
669,37.013127259745225
670,54.79696028093597
671,54.79696028093597
672,67.87847911116543
673,67.87847911116543
674,75.49299743183309
675,75.49299743183309
676,71.17549568324415
677,71.17549568324415
678,72.35080769460322
679,72.35080769460322
680,106.46881030930936
681,106.46881030930936
682,110.1498850626872
683,110.1498850626872
684,111.25774189267737
685,111.25774189267737
686,114.31428617796375
687,114.31428617796375
688,116.13817293061935
689,116.13817293061935
690,21.32419653192247
691,21.32419653192247
692,22.158869236925643
693,22.158869236925643
694,24.429842246664418
695,24.429842246664418
696,24.782359938898793
697,24.782359938898793
698,25.09677981373209
699,25.09677981373209
700,35.322359628386145
701,35.322359628386145
702,34.80011298255387
703,34.80011298255387
704,34.199009126951516
705,34.199009126951516
706,35.322359628386145
707,35.322359628386145
708,35.269491894325874
709,35.269491894325874
710,62.38768797999825
711,62.38768797999825
712,68.29298501992665
713,68.29298501992665
714,72.3980062677167
715,72.3980062677167
716,75.86528248288973
717,75.86528248288973
718,77.06601188882392
719,77.06601188882392
720,38.2950426546098
721,38.2950426546098
722,38.728935713389795
723,38.728935713389795
724,37.78593157214397
725,37.78593157214397
726,33.192125007234445
727,33.192125007234445
728,32.26673402614962
729,32.26673402614962
730,64.42662266207856
731,64.42662266207856
732,67.4973162179852
733,67.4973162179852
734,68.12041291703093
735,68.12041291703093
736,68.12041291703093
737,68.12041291703093
738,69.40378471427367
739,69.40378471427367
740,96.58362565916703
741,96.58362565916703
742,97.99880195505938
743,97.99880195505938
744,101.59794441192707
745,101.59794441192707
746,104.03600094246828
747,104.03600094246828
748,104.03600094246828
749,104.03600094246828
750,32.448231330793426
751,32.448231330793426
752,32.63492963577014
753,32.63492963577014
754,37.76110897648034
755,37.76110897648034
756,36.323699833378996
757,36.323699833378996
758,33.03759257438224
759,33.03759257438224
760,57.9322674212042
761,57.9322674212042
762,58.0242277909198
763,58.0242277909198
764,58.64867224966623
765,58.64867224966623
766,59.12510047569352
767,59.12510047569352
768,60.367634923618326
769,60.367634923618326
770,21.681250607111576
771,21.681250607111576
772,25.493784563958304
773,25.493784563958304
774,24.924294120912887
775,24.924294120912887
776,22.70792769546336
777,22.70792769546336
778,24.561468279678813
779,24.561468279678813
780,71.62768739404765
781,71.62768739404765
782,72.35072069839296
783,72.35072069839296
784,71.42128044726007
785,71.42128044726007
786,72.14431375160538
787,72.14431375160538
788,72.8892890525012
789,72.8892890525012
790,12.954378736301825
791,12.954378736301825
792,12.676627515134987
793,12.676627515134987
794,12.841315407326883
795,12.841315407326883
796,13.2616317634735
797,13.2616317634735
798,12.968492782960892
799,12.968492782960892
800,6.870305143441671
801,6.870305143441671
802,6.870305143441671
803,6.870305143441671
804,6.870305143441671
805,6.870305143441671
806,6.870305143441671
807,6.870305143441671
808,6.870305143441671
809,6.870305143441671
810,2.3335888266941818
811,2.3335888266941818
812,2.3335888266941818
813,2.3335888266941818
814,2.3335888266941818
815,2.3335888266941818
816,2.3335888266941818
817,2.3335888266941818
818,2.3335888266941818
819,2.3335888266941818
820,38.3967345208871
821,38.3967345208871
822,39.959506639561376
823,39.959506639561376
824,39.58841008817909
825,39.58841008817909
826,38.93872436020047
827,38.93872436020047
828,38.80354435145589
829,38.80354435145589
830,15.96475967062616
831,15.96475967062616
832,15.96475967062616
833,15.96475967062616
834,15.913994934028855
835,15.913994934028855
836,15.96475967062616
837,15.96475967062616
838,16.129447562818058
839,16.129447562818058
840,42.57631572313544
841,42.57631572313544
842,45.31856201627665
843,45.31856201627665
844,44.66531479740136
845,44.66531479740136
846,43.59753977024957
847,43.59753977024957
848,45.46525193767516
849,45.46525193767516
850,24.640236952485544
851,24.640236952485544
852,25.107619420857255
853,25.107619420857255
854,26.197758695817164
855,26.197758695817164
856,27.29740107611951
857,27.29740107611951
858,26.302565703891933
859,26.302565703891933
860,12.722286459730546
861,12.722286459730546
862,13.591750271317315
863,13.591750271317315
864,13.910215128211641
865,13.910215128211641
866,13.591750271317315
867,13.591750271317315
868,13.910215128211641
869,13.910215128211641
870,476.38022143602774
871,476.38022143602774
872,470.7994707046853
873,470.7994707046853
874,476.38022143602774
875,476.38022143602774
876,476.38022143602774
877,476.38022143602774
878,476.38022143602774
879,476.38022143602774
880,13.21926875242818
881,13.21926875242818
882,13.495701903241743
883,13.495701903241743
884,15.133347531365219
885,15.133347531365219
886,14.572021807549447
887,14.572021807549447
888,13.24938348394832
889,13.24938348394832
890,29.015695024015624
891,29.015695024015624
892,29.585248920286652
893,29.585248920286652
894,29.755967586544305
895,29.755967586544305
896,29.55329253605911
897,29.55329253605911
898,29.585248920286652
899,29.585248920286652
900,4.853327892321436
901,4.853327892321436
902,4.853327892321436
903,4.853327892321436
904,4.853327892321436
905,4.853327892321436
906,4.853327892321436
907,4.853327892321436
908,4.853327892321436
909,4.853327892321436
910,37.88545281964731
911,37.88545281964731
912,41.37480171556266
913,41.37480171556266
914,39.861239109651564
915,39.861239109651564
916,37.02922624987974
917,37.02922624987974
918,38.48498451428681
919,38.48498451428681
920,35.48848821435474
921,35.48848821435474
922,35.93080774069588
923,35.93080774069588
924,35.971103945034336
925,35.971103945034336
926,35.971103945034336
927,35.971103945034336
928,37.15272425897632
929,37.15272425897632
930,57.857183823124316
931,57.857183823124316
932,54.79321643468893
933,54.79321643468893
934,57.59661040258375
935,57.59661040258375
936,57.857183823124316
937,57.857183823124316
938,56.66502346299972
939,56.66502346299972
940,2.3335888266941818
941,2.3335888266941818
942,2.3335888266941818
943,2.3335888266941818
944,2.3335888266941818
945,2.3335888266941818
946,2.3335888266941818
947,2.3335888266941818
948,2.3335888266941818
949,2.3335888266941818
950,81.38341995201445
951,81.38341995201445
952,84.02779030403411
953,84.02779030403411
954,83.8959682071884
955,83.8959682071884
956,83.83176813784934
957,83.83176813784934
958,82.63560970931812
959,82.63560970931812
960,171.09386853699687
961,171.725943147823
962,156.8053753079394
963,156.8053753079394
964,164.49837484336715
965,164.49837484336715
966,174.42254940144485
967,174.1272174049572
968,173.0266435823818
969,173.0266435823818
970,93.800171264966
971,93.800171264966
972,93.43841307885977
973,93.43841307885977
974,93.10120945671552
975,93.10120945671552
976,93.43841307885977
977,93.43841307885977
978,94.31306711994931
979,94.31306711994931
980,28.641730817365087
981,28.641730817365087
982,29.27424444852258
983,29.27424444852258
984,31.262592644188015
985,31.262592644188015
986,31.64464895160669
987,31.64464895160669
988,31.86567399421675
989,31.86567399421675
990,96.30613754775835
991,96.30613754775835
992,98.1281855585118
993,98.1281855585118
994,99.29254420799415
995,99.29254420799415
996,99.51036445368547
997,99.51036445368547
998,100.93385572758213
999,100.93385572758213
1000,23.904996598147523
1001,23.904996598147523
1002,25.645575361572543
1003,25.645575361572543
1004,26.768161391095376
1005,26.768161391095376
1006,27.26778327439043
1007,27.26778327439043
1008,27.29290790848175
1009,27.29290790848175
1010,11.845244012253435
1011,11.845244012253435
1012,11.634895507194067
1013,11.634895507194067
1014,12.01838714964088
1015,12.01838714964088
1016,12.624032280939726
1017,12.624032280939726
1018,12.353791503616346
1019,12.353791503616346
1020,53.6104459215185
1021,53.6104459215185
1022,53.6104459215185
1023,53.6104459215185
1024,54.95755719887493
1025,54.95755719887493
1026,53.6104459215185
1027,53.6104459215185
1028,53.6104459215185
1029,53.6104459215185
1030,2.3335888266941818
1031,2.3335888266941818
1032,2.3335888266941818
1033,2.3335888266941818
1034,2.3335888266941818
1035,2.3335888266941818
1036,2.3335888266941818
1037,2.3335888266941818
1038,2.3335888266941818
1039,2.3335888266941818
1040,15.864690745934123
1041,15.864690745934123
1042,16.329892545743782
1043,16.329892545743782
1044,16.43885942336578
1045,16.43885942336578
1046,16.707987344567254
1047,16.707987344567254
1048,17.217865945949864
1049,17.217865945949864
1050,83.6135787294455
1051,83.6135787294455
1052,83.30795905911913
1053,83.30795905911913
1054,82.48761126351081
1055,82.48761126351081
1056,83.21138340612936
1057,83.21138340612936
1058,83.01714364318686
1059,83.01714364318686
1060,140.07886568604403
1061,140.07886568604403
1062,142.52334300888168
1063,142.52334300888168
1064,142.52334300888168
1065,142.52334300888168
1066,143.89543672624453
1067,143.89543672624453
1068,146.13312755391982
1069,146.13312755391982
1070,114.49761646779
1071,114.49761646779
1072,116.57695072400558
1073,116.57695072400558
1074,123.18380403589057
1075,123.18380403589057
1076,123.0949096711945
1077,123.0949096711945
1078,124.89109495424196
1079,124.89109495424196
1080,72.79138181398659
1081,72.79138181398659
1082,73.77545146895346
1083,73.77545146895346
1084,74.21593560654979
1085,74.21593560654979
1086,74.21593560654979
1087,74.21593560654979
1088,73.93169658443135
1089,73.93169658443135
1090,70.59348826914452
1091,70.59348826914452
1092,70.62899946038608
1093,70.62899946038608
1094,70.62899946038608
1095,70.62899946038608
1096,70.62899946038608
1097,70.62899946038608
1098,70.59348826914452
1099,70.59348826914452
1100,13.850418933035401
1101,13.850418933035401
1102,14.774768439522557
1103,14.774768439522557
1104,14.87220419830119
1105,14.87220419830119
1106,14.997260047217296
1107,14.997260047217296
1108,15.519020038945875
1109,15.519020038945875
1110,12.066951568038501
1111,12.066951568038501
1112,11.363970540367578
1113,11.363970540367578
1114,14.501698868812241
1115,14.501698868812241
1116,16.161751749948603
1117,16.161751749948603
1118,17.540355340654404
1119,17.540355340654404
1120,6.414201512681324
1121,6.414201512681324
1122,5.604442839337851
1123,5.604442839337851
1124,5.80311963864117
1125,5.80311963864117
1126,6.414201512681324
1127,6.414201512681324
1128,6.463410070459024
1129,6.463410070459024
1130,2.3335888266941818
1131,2.3335888266941818
1132,2.3335888266941818
1133,2.3335888266941818
1134,2.3335888266941818
1135,2.3335888266941818
1136,2.3335888266941818
1137,2.3335888266941818
1138,2.3335888266941818
1139,2.3335888266941818
1140,24.040784252660462
1141,24.040784252660462
1142,25.146378598483057
1143,25.146378598483057
1144,26.07498314831435
1145,26.07498314831435
1146,26.558627011691797
1147,26.558627011691797
1148,27.374716022341076
1149,27.374716022341076
1150,44.053920033277166
1151,44.053920033277166
1152,44.053920033277166
1153,44.053920033277166
1154,44.053920033277166
1155,44.053920033277166
1156,44.053920033277166
1157,44.053920033277166
1158,44.053920033277166
1159,44.053920033277166
1160,6.102347471621385
1161,6.102347471621385
1162,6.102347471621385
1163,6.102347471621385
1164,6.102347471621385
1165,6.102347471621385
1166,6.102347471621385
1167,6.102347471621385
1168,6.102347471621385
1169,6.102347471621385
1170,60.823972833054285
1171,60.823972833054285
1172,78.6160293803921
1173,78.6160293803921
1174,82.11988539810773
1175,82.11988539810773
1176,75.1795764339065
1177,75.1795764339065
1178,78.89254048450394
1179,78.89254048450394
1180,154.71813975506444
1181,154.71813975506444
1182,160.7366531640244
1183,160.7366531640244
1184,162.6972405779928
1185,162.6972405779928
1186,150.52104451904492
1187,150.52104451904492
1188,144.33782938952675
1189,144.33782938952675
1190,81.65360375285373
1191,81.65360375285373
1192,81.64483047586077
1193,81.64483047586077
1194,81.72481902224514
1195,81.72481902224514
1196,86.09395744328378
1197,86.09395744328378
1198,85.21673317560602
1199,85.21673317560602
1200,87.04288771225639
1201,87.04288771225639
1202,89.53416821753379
1203,89.53416821753379
1204,91.5963927891611
1205,91.5963927891611
1206,91.5963927891611
1207,91.5963927891611
1208,92.74946118111977
1209,92.74946118111977
1210,6.102347471621385
1211,6.102347471621385
1212,6.102347471621385
1213,6.102347471621385
1214,6.102347471621385
1215,6.102347471621385
1216,6.102347471621385
1217,6.102347471621385
1218,6.102347471621385
1219,6.102347471621385
1220,40.51332354714895
1221,40.51332354714895
1222,41.91927325804772
1223,41.91927325804772
1224,43.433509969810906
1225,43.433509969810906
1226,47.36236409513384
1227,47.36236409513384
1228,47.09780167888327
1229,47.09780167888327
1230,18.63836713110163
1231,18.63836713110163
1232,18.925859066187176
1233,18.925859066187176
1234,20.366646819322707
1235,20.366646819322707
1236,21.30054881760172
1237,21.30054881760172
1238,21.30054881760172
1239,21.30054881760172
1240,80.89525340984527
1241,80.89525340984527
1242,77.59389876113828
1243,77.59389876113828
1244,78.07567837175478
1245,78.07567837175478
1246,77.59389876113828
1247,77.59389876113828
1248,79.05175887270337
1249,79.05175887270337
1250,152.7521024343577
1251,152.7521024343577
1252,155.5068903885461
1253,155.5068903885461
1254,155.5068903885461
1255,155.5068903885461
1256,158.08983333764664
1257,158.08983333764664
1258,160.33382044199072
1259,160.33382044199072
1260,30.13892074550694
1261,30.13892074550694
1262,30.74739654460352
1263,30.74739654460352
1264,31.344263915615173
1265,31.344263915615173
1266,31.11101155507337
1267,31.11101155507337
1268,31.952739714711743
1269,31.952739714711743
1270,39.623870197362365
1271,39.623870197362365
1272,40.93719763514379
1273,40.93719763514379
1274,39.26945658066915
1275,39.26945658066915
1276,43.34179977394193
1277,43.34179977394193
1278,43.285249933293336
1279,43.285249933293336
1280,20.289603259439048
1281,20.289603259439048
1282,21.08137902817859
1283,21.08137902817859
1284,21.91282055406346
1285,21.91282055406346
1286,22.811773619453863
1287,22.811773619453863
1288,22.380500077654634
1289,22.380500077654634
1290,35.68170221867405
1291,35.68170221867405
1292,35.68170221867405
1293,35.68170221867405
1294,36.61351500685695
1295,36.61351500685695
1296,35.62144035033783
1297,35.62144035033783
1298,35.159203702877875
1299,35.159203702877875
1300,46.66307743895061
1301,46.66307743895061
1302,47.90514606628919
1303,47.90514606628919
1304,48.488561823703904
1305,48.488561823703904
1306,48.02815785283968
1307,48.02815785283968
1308,48.12473350582946
1309,48.12473350582946
1310,99.16164406121169
1311,99.16164406121169
1312,101.57112787398566
1313,101.57112787398566
1314,102.37895221601035
1315,102.37895221601035
1316,104.59402175448997
1317,104.59402175448997
1318,106.158834297653
1319,106.158834297653
1320,27.519977636885702
1321,27.519977636885702
1322,27.084657784120896
1323,27.084657784120896
1324,27.159550189949243
1325,27.159550189949243
1326,27.159550189949243
1327,27.159550189949243
1328,28.8079995070728
1329,28.8079995070728
1330,20.772109476583402
1331,20.772109476583402
1332,20.772109476583402
1333,20.772109476583402
1334,21.14294612030651
1335,21.14294612030651
1336,21.442927550999112
1337,21.442927550999112
1338,21.407671321354524
1339,21.407671321354524
1340,56.991595302552525
1341,56.991595302552525
1342,60.20008677199608
1343,60.20008677199608
1344,63.222620179476834
1345,63.222620179476834
1346,60.90792131441521
1347,60.90792131441521
1348,64.95073310947629
1349,64.95073310947629
1350,60.75442913557022
1351,60.75442913557022
1352,61.879286270588345
1353,61.879286270588345
1354,64.57250279163874
1355,64.57250279163874
1356,65.95565386055402
1357,65.95565386055402
1358,66.91629305923493
1359,66.91629305923493
1360,253.81255362644973
1361,254.44462823727585
1362,257.8565770980833
1363,257.8565770980833
1364,257.8565770980833
1365,257.8565770980833
1366,263.1889000454937
1367,263.1889000454937
1368,263.1889000454937
1369,263.1889000454937
1370,48.05710077441174
1371,48.05710077441174
1372,47.68752034499592
1373,47.68752034499592
1374,46.146209394555164
1375,46.146209394555164
1376,47.9706492418058
1377,47.9706492418058
1378,47.9706492418058
1379,47.9706492418058
1380,57.414752442028075
1381,57.414752442028075
1382,58.36944047863528
1383,58.36944047863528
1384,58.55155149490925
1385,58.55155149490925
1386,57.696711765819856
1387,57.696711765819856
1388,55.864721025745354
1389,55.864721025745354
1390,77.16010877767563
1391,77.16010877767563
1392,79.37910654945958
1393,79.37910654945958
1394,82.12960232394111
1395,82.12960232394111
1396,80.52173465959467
1397,80.52173465959467
1398,84.95737857210212
1399,84.95737857210212
1400,19.528651714191223
1401,19.528651714191223
1402,19.241854067843096
1403,19.241854067843096
1404,19.528651714191223
1405,19.528651714191223
1406,19.556220592453272
1407,19.556220592453272
1408,19.528651714191223
1409,19.528651714191223
1410,36.4489260590971
1411,36.4489260590971
1412,36.0150330003171
1413,36.0150330003171
1414,36.4489260590971
1415,36.4489260590971
1416,36.963263099215055
1417,36.963263099215055
1418,37.04071195824816
1419,37.04071195824816
1420,142.01737373263734
1421,142.01737373263734
1422,146.83924925969038
1423,146.83924925969038
1424,148.5767024457699
1425,148.5767024457699
1426,150.71559253879798
1427,150.71559253879798
1428,151.1919061360945
1429,151.1919061360945
1430,130.08377768628495
1431,130.08377768628495
1432,134.6903053388497
1433,134.6903053388497
1434,136.9099691054372
1435,136.9099691054372
1436,137.26952490888445
1437,137.26952490888445
1438,136.38867996661932
1439,136.38867996661932
1440,37.19169047715092
1441,37.19169047715092
1442,38.65728801671943
1443,38.65728801671943
1444,38.65728801671943
1445,38.65728801671943
1446,39.43663644400962
1447,39.43663644400962
1448,39.43663644400962
1449,39.43663644400962
1450,49.173734479063135
1451,49.173734479063135
1452,50.99097597952299
1453,50.99097597952299
1454,52.390236932163795
1455,52.390236932163795
1456,58.36100452542351
1457,58.36100452542351
1458,61.08344692669986
1459,61.08344692669986
1460,36.284190458958065
1461,36.284190458958065
1462,37.68335757658267
1463,37.68335757658267
1464,37.28242359301654
1465,37.28242359301654
1466,34.985544593140276
1467,34.985544593140276
1468,34.985544593140276
1469,34.985544593140276
1470,2.3335888266941818
1471,2.3335888266941818
1472,2.3335888266941818
1473,2.3335888266941818
1474,2.3335888266941818
1475,2.3335888266941818
1476,2.3335888266941818
1477,2.3335888266941818
1478,2.3335888266941818
1479,2.3335888266941818
1480,36.09732909095118
1481,36.09732909095118
1482,36.601602566252254
1483,36.601602566252254
1484,38.295092742439245
1485,38.295092742439245
1486,42.049874452540394
1487,42.049874452540394
1488,42.049874452540394
1489,42.049874452540394
1490,24.76263278541079
1491,24.76263278541079
1492,18.883284332442148
1493,18.883284332442148
1494,18.883284332442148
1495,18.883284332442148
1496,21.803960053257253
1497,21.803960053257253
1498,25.707427925342742
1499,25.707427925342742
1500,85.30305679440815
1501,85.30305679440815
1502,89.12745986250687
1503,89.12745986250687
1504,90.91465745883106
1505,90.91465745883106
1506,91.54908345395879
1507,91.54908345395879
1508,93.44930224650568
1509,93.44930224650568
1510,60.74067321560968
1511,60.74067321560968
1512,62.24209451355416
1513,62.24209451355416
1514,61.768698711744285
1515,61.768698711744285
1516,60.52840141399393
1517,60.52840141399393
1518,60.52840141399393
1519,60.52840141399393
1520,48.0716297074934
1521,48.0716297074934
1522,44.4534335664031
1523,44.4534335664031
1524,42.371666750813624
1525,42.371666750813624
1526,45.21641615305275
1527,45.21641615305275
1528,45.71651237238213
1529,45.71651237238213
1530,28.79793633315183
1531,28.79793633315183
1532,29.19438952730575
1533,29.19438952730575
1534,30.092838922263255
1535,30.092838922263255
1536,30.14598733718746
1537,30.14598733718746
1538,30.092838922263255
1539,30.092838922263255
1540,57.48260147010389
1541,57.48260147010389
1542,71.27921188699138
1543,71.27921188699138
1544,77.60028585008587
1545,77.60028585008587
1546,69.45773156927781
1547,69.45773156927781
1548,70.92817618619301
1549,70.92817618619301
1550,30.981969478933255
1551,30.981969478933255
1552,30.383192139120155
1553,30.383192139120155
1554,30.153658928474304
1555,30.153658928474304
1556,30.153658928474304
1557,30.153658928474304
1558,30.511141258484493
1559,30.511141258484493
1560,64.75544556731019
1561,64.75544556731019
1562,64.75544556731019
1563,64.75544556731019
1564,64.68864549523916
1565,64.68864549523916
1566,65.36403285150814
1567,65.36403285150814
1568,66.84169024359095
1569,66.84169024359095
1570,77.07542987939951
1571,77.07542987939951
1572,69.51770652875413
1573,69.51770652875413
1574,64.1712801123861
1575,64.1712801123861
1576,50.728524885726635
1577,50.728524885726635
1578,52.762896493903646
1579,52.762896493903646
1580,12.3441752698358
1581,12.3441752698358
1582,12.455667474146656
1583,12.455667474146656
1584,12.3441752698358
1585,12.3441752698358
1586,12.506432210743961
1587,12.506432210743961
1588,12.805693263607614
1589,12.805693263607614
1590,38.308436455859905
1591,38.308436455859905
1592,39.47241215748614
1593,39.47241215748614
1594,43.236250803393276
1595,43.236250803393276
1596,43.91598603050092
1597,43.91598603050092
1598,42.70042359650298
1599,42.70042359650298
1600,22.350581890309705
1601,22.350581890309705
1602,21.9253971091079
1603,21.9253971091079
1604,22.56028884989128
1605,22.56028884989128
1606,22.56028884989128
1607,22.56028884989128
1608,22.56028884989128
1609,22.56028884989128
1610,66.94544398385483
1611,66.94544398385483
1612,68.38754203649364
1613,68.38754203649364
1614,69.13097797343598
1615,69.13097797343598
1616,72.04426921525831
1617,72.04426921525831
1618,73.67476303954457
1619,73.67476303954457
1620,49.22221953030045
1621,49.22221953030045
1622,48.4771643072043
1623,48.4771643072043
1624,47.738026243867935
1625,47.738026243867935
1626,47.738026243867935
1627,47.738026243867935
1628,48.4771643072043
1629,48.4771643072043
1630,20.609464384171666
1631,20.609464384171666
1632,20.609464384171666
1633,20.609464384171666
1634,20.664648311090566
1635,20.664648311090566
1636,19.578848708278276
1637,19.578848708278276
1638,19.578848708278276
1639,19.578848708278276
1640,54.82488328508207
1641,54.82488328508207
1642,56.32646239678534
1643,56.32646239678534
1644,56.36973275495439
1645,56.36973275495439
1646,56.36973275495439
1647,56.36973275495439
1648,56.28823875397373
1649,56.28823875397373
1650,27.760225676848517
1651,27.760225676848517
1652,27.38840220923117
1653,27.38840220923117
1654,27.38840220923117
1655,27.38840220923117
1656,27.760225676848517
1657,27.760225676848517
1658,28.056804541547184
1659,28.056804541547184
1660,46.798129513792226
1661,46.798129513792226
1662,48.641575164846564
1663,48.641575164846564
1664,47.785536233651364
1665,47.785536233651364
1666,47.72237702477104
1667,47.72237702477104
1668,48.76458695139707
1669,48.76458695139707
1670,91.27484755390515
1671,91.27484755390515
1672,99.50857449211169
1673,99.50857449211169
1674,103.43977846185646
1675,103.43977846185646
1676,109.95397449528653
1677,109.95397449528653
1678,111.1974911028716
1679,111.1974911028716
1680,2.3335888266941818
1681,2.3335888266941818
1682,2.3335888266941818
1683,2.3335888266941818
1684,2.3335888266941818
1685,2.3335888266941818
1686,2.3335888266941818
1687,2.3335888266941818
1688,2.3335888266941818
1689,2.3335888266941818
1690,129.14697784943746
1691,129.14697784943746
1692,132.45551152131915
1693,132.45551152131915
1694,137.10559190370074
1695,137.10559190370074
1696,138.2747104220375
1697,138.2747104220375
1698,139.26600924770216
1699,139.26600924770216
1700,47.55826632498505
1701,47.55826632498505
1702,48.99218382346522
1703,48.99218382346522
1704,47.55826632498505
1705,47.55826632498505
1706,48.16991377443372
1707,48.16991377443372
1708,53.85060299709825
1709,53.85060299709825
1710,118.89306346468338
1711,118.89306346468338
1712,127.41974878719176
1713,127.41974878719176
1714,130.89015477131002
1715,130.89015477131002
1716,123.60097429106355
1717,123.60097429106355
1718,126.5294259292645
1719,126.5294259292645
1720,31.26131932167584
1721,31.26131932167584
1722,30.88710530948313
1723,30.88710530948313
1724,30.57434375499368
1725,30.57434375499368
1726,32.911442804043105
1727,32.911442804043105
1728,32.947391201818746
1729,32.947391201818746
1730,58.839922343530226
1731,58.839922343530226
1732,59.112965132876965
1733,59.112965132876965
1734,59.79275705353779
1735,59.79275705353779
1736,60.26273738993661
1737,60.26273738993661
1738,59.238045983284344
1739,59.238045983284344
1740,24.4474890883549
1741,24.4474890883549
1742,24.878762630154142
1743,24.878762630154142
1744,25.31693471531967
1745,25.31693471531967
1746,26.400986636794794
1747,26.400986636794794
1748,27.955813414171196
1749,27.955813414171196
1750,36.858739705815395
1751,36.858739705815395
1752,37.26554398346414
1753,37.26554398346414
1754,38.391658012733004
1755,38.391658012733004
1756,38.740396058524084
1757,38.740396058524084
1758,38.391658012733004
1759,38.391658012733004
1760,72.47087436676992
1761,72.47087436676992
1762,73.03300566983077
1763,73.03300566983077
1764,72.61553385246528
1765,72.61553385246528
1766,72.78900051291473
1767,72.78900051291473
1768,72.96694622696407
1769,72.96694622696407
1770,14.46638218061985
1771,14.46638218061985
1772,16.163922465017034
1773,16.163922465017034
1774,16.602094550182567
1775,16.602094550182567
1776,19.154183820228564
1777,19.154183820228564
1778,23.381552834163852
1779,23.381552834163852
1780,136.20772372553458
1781,136.20772372553458
1782,138.92856670707855
1783,138.92856670707855
1784,141.17675376828274
1785,141.17675376828274
1786,142.31101278872072
1787,142.31101278872072
1788,147.03429268115303
1789,147.03429268115303
1790,49.484907145923174
1791,49.484907145923174
1792,49.625365387031636
1793,49.625365387031636
1794,49.625365387031636
1795,49.625365387031636
1796,50.10179361305893
1797,50.10179361305893
1798,50.881709802777664
1799,50.881709802777664
1800,163.75754111321
1801,163.75754111321
1802,169.554292535284
1803,169.554292535284
1804,170.7924564824799
1805,170.7924564824799
1806,169.3315862629663
1807,169.3315862629663
1808,170.10569765039247
1809,170.10569765039247
1810,17.86399022850789
1811,17.86399022850789
1812,17.86399022850789
1813,17.86399022850789
1814,17.86399022850789
1815,17.86399022850789
1816,18.02867812069979
1817,18.02867812069979
1818,18.40937087013212
1819,18.40937087013212
1820,15.145680671270618
1821,15.145680671270618
1822,15.384325062268244
1823,15.384325062268244
1824,15.842346300983817
1825,15.842346300983817
1826,15.643669501680497
1827,15.643669501680497
1828,15.145680671270618
1829,15.145680671270618
1830,33.07468271017703
1831,33.07468271017703
1832,33.07468271017703
1833,33.07468271017703
1834,33.05737524264793
1835,33.05737524264793
1836,33.07468271017703
1837,33.07468271017703
1838,33.05737524264793
1839,33.05737524264793
1840,16.752914459014487
1841,16.752914459014487
1842,16.356602076962606
1843,16.356602076962606
1844,16.558672650563857
1845,16.558672650563857
1846,17.04819628731457
1847,17.04819628731457
1848,16.821803876772265
1849,16.821803876772265
1850,28.204362965794523
1851,28.204362965794523
1852,28.053168884221108
1853,28.053168884221108
1854,27.647168382753534
1855,27.647168382753534
1856,27.647168382753534
1857,27.647168382753534
1858,28.91157782441222
1859,28.91157782441222
1860,164.936605308744
1861,164.936605308744
1862,171.22264142763075
1863,171.22264142763075
1864,173.3315211732242
1865,173.3315211732242
1866,172.2251433417549
1867,172.2251433417549
1868,173.18170922160184
1869,173.18170922160184
1870,89.54103641603561
1871,89.54103641603561
1872,92.15667525185889
1873,92.15667525185889
1874,93.4529184150223
1875,93.4529184150223
1876,93.4670381797383
1877,93.4670381797383
1878,94.27642263365725
1879,94.27642263365725
1880,61.28189623887231
1881,61.28189623887231
1882,61.03003255190073
1883,61.03003255190073
1884,61.382945102883234
1885,61.382945102883234
1886,61.03003255190073
1887,61.03003255190073
1888,61.03003255190073
1889,61.03003255190073
1890,14.692269889368944
1891,14.692269889368944
1892,14.71723869435965
1893,14.71723869435965
1894,15.008966689588963
1895,15.008966689588963
1896,16.09962123572729
1897,16.09962123572729
1898,16.772595413427442
1899,16.772595413427442
1900,23.101566944214973
1901,23.101566944214973
1902,22.71708989524891
1903,22.71708989524891
1904,23.24725532571496
1905,23.24725532571496
1906,25.519578572459857
1907,25.519578572459857
1908,26.278621406548364
1909,26.278621406548364
1910,64.02177859307217
1911,64.02177859307217
1912,65.8465177468743
1913,65.8465177468743
1914,66.9584748563624
1915,66.9584748563624
1916,66.9584748563624
1917,66.9584748563624
1918,66.9584748563624
1919,66.9584748563624
1920,42.782425681741046
1921,42.782425681741046
1922,43.402554703999996
1923,43.402554703999996
1924,48.05586963577855
1925,48.05586963577855
1926,43.97007357456139
1927,43.97007357456139
1928,42.97930039589698
1929,42.97930039589698
1930,91.69322684881782
1931,91.69322684881782
1932,90.22587491116093
1933,90.22587491116093
1934,89.20547004740187
1935,89.20547004740187
1936,89.90399363046423
1937,89.90399363046423
1938,88.44218384341438
1939,88.44218384341438
1940,2.3335888266941818
1941,2.3335888266941818
1942,2.3335888266941818
1943,2.3335888266941818
1944,2.3335888266941818
1945,2.3335888266941818
1946,2.3335888266941818
1947,2.3335888266941818
1948,2.3335888266941818
1949,2.3335888266941818
1950,66.45340572719054
1951,66.45340572719054
1952,68.41711692223029
1953,68.41711692223029
1954,67.22624960699386
1955,67.22624960699386
1956,66.30853747371836
1957,66.30853747371836
1958,67.00758186467085
1959,67.00758186467085
1960,144.56739119010373
1961,144.56739119010373
1962,144.79724792598364
1963,144.79724792598364
1964,149.32499577246352
1965,149.32499577246352
1966,152.70964552376674
1967,152.70964552376674
1968,153.17248332265802
1969,153.17248332265802
1970,34.23261447077275
1971,34.23261447077275
1972,34.585986372832096
1973,34.585986372832096
1974,35.7839662046358
1975,35.7839662046358
1976,36.09466360233948
1977,36.09466360233948
1978,36.77568198394605
1979,36.77568198394605
1980,161.80372446439182
1981,161.80372446439182
1982,166.12330884195498
1983,166.12330884195498
1984,165.69564113606572
1985,165.69564113606572
1986,168.77702210736433
1987,168.77702210736433
1988,169.41515749695077
1989,169.41515749695077
1990,35.50436919700281
1991,35.50436919700281
1992,34.06530958243992
1993,34.06530958243992
1994,33.780286939066045
1995,33.780286939066045
1996,35.068451096802754
1997,35.068451096802754
1998,36.546940143119336
1999,36.546940143119336
2000,78.30361731279116
2001,78.30361731279116
2002,79.7713585808689
2003,79.7713585808689
2004,79.54269745826794
2005,79.54269745826794
2006,79.75755843823129
2007,79.75755843823129
2008,79.99593986470559
2009,79.99593986470559
2010,107.31697254986466
2011,107.31697254986466
2012,107.31697254986466
2013,107.31697254986466
2014,99.0046591136613
2015,99.0046591136613
2016,107.31697254986466
2017,107.31697254986466
2018,114.10412158687019
2019,114.10412158687019
2020,148.4645027163948
2021,148.4645027163948
2022,155.4225139310481
2023,155.4225139310481
2024,157.34533555073864
2025,157.34533555073864
2026,160.03593082091513
2027,160.03593082091513
2028,162.31229989593453
2029,162.31229989593453
2030,133.7123218226264
2031,133.7123218226264
2032,133.80035577922362
2033,133.80035577922362
2034,134.35224772186507
2035,134.35224772186507
2036,134.52571438231453
2037,134.52571438231453
2038,134.63405272036456
2039,134.63405272036456
2040,105.64023468786777
2041,105.64023468786777
2042,97.89793307072999
2043,97.89793307072999
2044,96.71531939989835
2045,96.71531939989835
2046,107.49560543701192
2047,107.49560543701192
2048,105.25842990018772
2049,105.25842990018772
2050,64.11653926508988
2051,64.11653926508988
2052,56.96074080357546
2053,56.96074080357546
2054,58.175558070278264
2055,58.175558070278264
2056,59.14394135844304
2057,59.14394135844304
2058,65.24059309089861
2059,65.24059309089861
2060,55.014462803880946
2061,55.014462803880946
2062,52.97602652916278
2063,52.97602652916278
2064,55.542696709879515
2065,55.542696709879515
2066,57.44317116249389
2067,57.44317116249389
2068,58.46023981666393
2069,58.46023981666393
2070,38.57317297896115
2071,38.57317297896115
2072,39.101682857148866
2073,39.101682857148866
2074,38.974457861930325
2075,38.974457861930325
2076,38.76781460967294
2077,38.76781460967294
2078,38.83663594973662
2079,38.83663594973662
2080,18.964470881971923
2081,18.964470881971923
2082,19.439820178624622
2083,19.439820178624622
2084,19.758285035518945
2085,19.758285035518945
2086,19.758285035518945
2087,19.758285035518945
2088,20.371859080773216
2089,20.371859080773216
2090,63.58954545879943
2091,63.58954545879943
2092,78.84807640178137
2093,78.84807640178137
2094,89.19341167335202
2095,89.19341167335202
2096,84.06200941014457
2097,84.06200941014457
2098,83.87214934111837
2099,83.87214934111837
2100,88.96076817780057
2101,88.96076817780057
2102,92.38449259642793
2103,92.38449259642793
2104,92.56291361082263
2105,92.56291361082263
2106,93.07197826381365
2107,93.07197826381365
2108,94.00299608065146
2109,94.00299608065146
2110,30.012742338048938
2111,30.012742338048938
2112,30.012742338048938
2113,30.012742338048938
2114,30.012742338048938
2115,30.012742338048938
2116,30.012742338048938
2117,30.012742338048938
2118,30.47091541057012
2119,30.47091541057012
2120,21.320814083581
2121,21.320814083581
2122,21.096160777347308
2123,21.096160777347308
2124,21.320814083581
2125,21.320814083581
2126,21.38033934607059
2127,21.38033934607059
2128,21.977429146239047
2129,21.977429146239047
2130,59.52290355017095
2131,59.52290355017095
2132,60.32551495103694
2133,60.32551495103694
2134,58.50590944638447
2135,58.50590944638447
2136,58.50590944638447
2137,58.50590944638447
2138,60.53960660372936
2139,60.53960660372936
2140,26.42753589238142
2141,26.42753589238142
2142,23.960593603095493
2143,23.960593603095493
2144,24.595000298153828
2145,24.595000298153828
2146,27.479418471144044
2147,27.479418471144044
2148,27.298653376407565
2149,27.298653376407565
2150,53.10811129517801
2151,53.10811129517801
2152,52.83373434714441
2153,52.83373434714441
2154,53.10811129517801
2155,53.10811129517801
2156,53.96135726556579
2157,53.96135726556579
2158,55.39457479800833
2159,55.39457479800833
2160,110.83124139524885
2161,110.83124139524885
2162,106.74366047713491
2163,106.74366047713491
2164,108.64700122678336
2165,108.64700122678336
2166,110.83124139524885
2167,110.83124139524885
2168,114.92167915124469
2169,114.92167915124469
2170,24.4193405814669
2171,24.4193405814669
2172,24.4193405814669
2173,24.4193405814669
2174,24.874006566617197
2175,24.874006566617197
2176,25.893022294598563
2177,25.893022294598563
2178,26.136048511956044
2179,26.136048511956044
2180,70.63191004339873
2181,70.63191004339873
2182,74.20579020138248
2183,74.20579020138248
2184,77.4853788023112
2185,77.4853788023112
2186,77.4853788023112
2187,77.4853788023112
2188,78.25695672659515
2189,78.25695672659515
2190,60.31879541494307
2191,60.31879541494307
2192,62.142377951003006
2193,62.142377951003006
2194,61.48854557839778
2195,61.48854557839778
2196,61.91357351840005
2197,61.91357351840005
2198,62.26538973755352
2199,62.26538973755352
2200,141.98137033279718
2201,142.6134449436233
2202,154.31019596449175
2203,154.31019596449175
2204,154.11212810330852
2205,154.11212810330852
2206,145.72129223384016
2207,145.4259602373525
2208,138.7054227905944
2209,138.7054227905944
2210,71.74485859715622
2211,71.74485859715622
2212,74.99664834397822
2213,74.99664834397822
2214,75.99775856372332
2215,75.99775856372332
2216,76.07502204253903
2217,76.07502204253903
2218,77.64073500338742
2219,77.64073500338742
2220,60.849222161385086
2221,60.849222161385086
2222,62.74022031589517
2223,62.74022031589517
2224,64.0770634149557
2225,64.0770634149557
2226,63.03186153516541
2227,63.03186153516541
2228,61.60252706220975
2229,61.60252706220975
2230,124.16645037110848
2231,124.16645037110848
2232,126.28973096472399
2233,126.28973096472399
2234,130.21416002682489
2235,130.21416002682489
2236,133.96229419045764
2237,133.96229419045764
2238,133.89941441169466
2239,133.89941441169466
2240,11.130764485063763
2241,11.130764485063763
2242,11.130764485063763
2243,11.130764485063763
2244,11.6342608596569
2245,11.6342608596569
2246,11.861325712814379
2247,11.861325712814379
2248,11.6342608596569
2249,11.6342608596569
2250,43.12903546447297
2251,43.12903546447297
2252,42.61691052274922
2253,42.61691052274922
2254,42.657206727087676
2255,42.657206727087676
2256,43.236442682055724
2257,43.236442682055724
2258,42.8981139566983
2259,42.8981139566983
2260,139.41421255617243
2261,139.41421255617243
2262,139.62113902821886
2263,139.62113902821886
2264,138.8576150548083
2265,138.8576150548083
2266,138.85199907718493
2267,138.85199907718493
2268,140.0312845488397
2269,140.0312845488397
2270,64.99230263458936
2271,64.99230263458936
2272,66.89840848369275
2273,66.89840848369275
2274,63.45518899865401
2275,63.45518899865401
2276,63.45518899865401
2277,63.45518899865401
2278,63.138921190967096
2279,63.138921190967096
2280,38.485575470304866
2281,38.485575470304866
2282,36.98242857618379
2283,36.98242857618379
2284,37.8391182627591
2285,37.8391182627591
2286,39.20897530061093
2287,39.20897530061093
2288,39.20897530061093
2289,39.20897530061093
2290,117.36270063217835
2291,117.36270063217835
2292,119.08483270948379
2293,119.08483270948379
2294,123.9348231007269
2295,123.9348231007269
2296,127.01866154592142
2297,127.01866154592142
2298,127.36404549062257
2299,127.36404549062257
2300,71.01786329536597
2301,71.01786329536597
2302,70.64364928317326
2303,70.64364928317326
2304,71.01786329536597
2305,71.01786329536597
2306,70.64364928317326
2307,70.64364928317326
2308,70.64364928317326
2309,70.64364928317326
2310,35.12159731140433
2311,35.12159731140433
2312,37.79023912743952
2313,37.79023912743952
2314,38.192902066051616
2315,38.192902066051616
2316,39.6900518134112
2317,39.6900518134112
2318,40.44801425835523
2319,40.44801425835523
2320,20.51606615955187
2321,20.51606615955187
2322,20.7726758500131
2323,20.7726758500131
2324,21.526256096407447
2325,21.526256096407447
2326,22.056421526873496
2327,22.056421526873496
2328,21.526256096407447
2329,21.526256096407447
2330,51.17097145713978
2331,51.17097145713978
2332,53.99936655683479
2333,53.99936655683479
2334,54.414021500985605
2335,54.414021500985605
2336,54.60467664727557
2337,54.60467664727557
2338,55.46632322658576
2339,55.46632322658576
2340,20.091425482681444
2341,20.091425482681444
2342,20.30689685184511
2343,20.30689685184511
2344,20.68578364062978
2345,20.68578364062978
2346,26.10096246479783
2347,26.10096246479783
2348,29.239464967276486
2349,29.239464967276486
2350,55.068749215657895
2351,55.068749215657895
2352,57.141221302145986
2353,57.141221302145986
2354,59.24900923257576
2355,59.24900923257576
2356,59.26961256219079
2357,59.26961256219079
2358,59.55157188598258
2359,59.55157188598258
2360,63.53514478583097
2361,63.53514478583097
2362,69.3668760764113
2363,69.3668760764113
2364,68.90338036041352
2365,68.90338036041352
2366,70.08553913064382
2367,70.08553913064382
2368,74.12404707098035
2369,74.12404707098035
2370,113.58041830317924
2371,113.58041830317924
2372,112.97024844287668
2373,112.97024844287668
2374,110.85953059385884
2375,110.85953059385884
2376,109.99701028054113
2377,109.99701028054113
2378,110.5900360764399
2379,110.5900360764399
2380,57.817168954577184
2381,57.817168954577184
2382,60.132224594088186
2383,60.132224594088186
2384,60.070045255110756
2385,60.070045255110756
2386,60.36347420335415
2387,60.36347420335415
2388,60.952408055241605
2389,60.952408055241605
2390,26.943210412182054
2391,26.943210412182054
2392,27.295777958774273
2393,27.295777958774273
2394,27.390434505994634
2395,27.390434505994634
2396,27.295777958774273
2397,27.295777958774273
2398,27.295777958774273
2399,27.295777958774273
2400,117.16851146754613
2401,117.16851146754613
2402,117.06903080801277
2403,117.06903080801277
2404,112.6957451594388
2405,112.6957451594388
2406,112.66113212717877
2407,112.66113212717877
2408,114.76231589654927
2409,114.76231589654927
2410,19.115306815246377
2411,19.115306815246377
2412,19.032839497584295
2413,19.032839497584295
2414,20.017252429297855
2415,20.017252429297855
2416,20.405830317460577
2417,20.405830317460577
2418,20.405830317460577
2419,20.405830317460577
2420,47.730690296321434
2421,47.730690296321434
2422,47.23480111295272
2423,47.23480111295272
2424,47.14615141627429
2425,47.14615141627429
2426,47.730690296321434
2427,47.730690296321434
2428,48.96261261750101
2429,48.96261261750101
2430,60.34604346720926
2431,60.34604346720926
2432,60.94281703203546
2433,60.94281703203546
2434,60.45759548874415
2435,60.45759548874415
2436,62.748614170404494
2437,62.748614170404494
2438,62.93399784120651
2439,62.93399784120651
2440,51.68795005102924
2441,51.68795005102924
2442,54.65410985212298
2443,54.65410985212298
2444,54.23071523559401
2445,54.23071523559401
2446,54.23071523559401
2447,54.23071523559401
2448,59.313253964065794
2449,59.313253964065794
2450,91.32943510530288
2451,91.32943510530288
2452,95.76374610045117
2453,95.76374610045117
2454,97.92097455326825
2455,97.92097455326825
2456,96.98182276837318
2457,96.98182276837318
2458,96.00469794701718
2459,96.00469794701718
2460,22.950653761828068
2461,22.950653761828068
2462,23.583350614388813
2463,23.583350614388813
2464,24.35549098414862
2465,24.35549098414862
2466,24.044546547839346
2467,24.044546547839346
2468,23.772669957141968
2469,23.772669957141968
2470,28.295858158637685
2471,28.295858158637685
2472,28.191270532001525
2473,28.191270532001525
2474,28.295858158637685
2475,28.295858158637685
2476,28.908747644794367
2477,28.908747644794367
2478,28.272515785895614
2479,28.272515785895614
2480,24.597764708988255
2481,24.597764708988255
2482,27.518045046637205
2483,27.518045046637205
2484,26.98422690147779
2485,26.98422690147779
2486,27.459834373514823
2487,27.459834373514823
2488,27.459834373514823
2489,27.459834373514823
2490,68.65626860619076
2491,68.65626860619076
2492,72.65050487110248
2493,72.65050487110248
2494,75.39920987780656
2495,75.39920987780656
2496,80.53640614735029
2497,80.53640614735029
2498,81.30596908292766
2499,81.30596908292766
2500,114.16275470176925
2501,114.16275470176925
2502,120.57279763252919
2503,120.57279763252919
2504,123.48808741002351
2505,123.48808741002351
2506,120.57279763252919
2507,120.57279763252919
2508,123.48808741002351
2509,123.48808741002351
2510,26.78901461468983
2511,26.78901461468983
2512,26.384060263399544
2513,26.384060263399544
2514,25.919650145806834
2515,25.919650145806834
2516,26.828346122541777
2517,26.828346122541777
2518,26.992815495656398
2519,26.992815495656398
2520,224.6497149822494
2521,224.90340977550844
2522,226.33667833107378
2523,226.33667833107378
2524,229.95739052644672
2525,229.95739052644672
2526,235.94336721162264
2527,235.648035215135
2528,237.05211660142297
2529,237.05211660142297
2530,19.831597208523217
2531,19.831597208523217
2532,19.5593284872182
2533,19.5593284872182
2534,19.831597208523217
2535,19.831597208523217
2536,19.831597208523217
2537,19.831597208523217
2538,19.831597208523217
2539,19.831597208523217
2540,136.93134837172468
2541,136.93134837172468
2542,139.40273017980894
2543,139.40273017980894
2544,141.55773566670547
2545,141.55773566670547
2546,143.13409792368213
2547,143.13409792368213
2548,143.46489147611337
2549,143.46489147611337
2550,60.71915948811247
2551,60.71915948811247
2552,60.71915948811247
2553,60.71915948811247
2554,60.71915948811247
2555,60.71915948811247
2556,61.34396767110496
2557,61.34396767110496
2558,61.34396767110496
2559,61.34396767110496
2560,125.05038548697526
2561,125.05038548697526
2562,137.5316305479536
2563,137.5316305479536
2564,125.5941793629152
2565,125.5941793629152
2566,119.8357177153854
2567,119.8357177153854
2568,138.00924776248024
2569,138.00924776248024
2570,94.33098520285506
2571,94.33098520285506
2572,92.85763383031346
2573,92.85763383031346
2574,94.87209925354298
2575,94.87209925354298
2576,95.5665746473741
2577,95.5665746473741
2578,94.97117998907268
2579,94.97117998907268
2580,157.16609453320189
2581,157.16609453320189
2582,162.733833529186
2583,162.733833529186
2584,166.33247321867387
2585,166.33247321867387
2586,166.33247321867387
2587,166.03714122218622
2588,166.64528159390508
2589,166.64528159390508
2590,5.067218542977974
2591,5.067218542977974
2592,5.067218542977974
2593,5.067218542977974
2594,5.2017917036497305
2595,5.2017917036497305
2596,5.695395948251392
2597,5.695395948251392
2598,5.3664795958416285
2599,5.3664795958416285
2600,21.418594785759183
2601,21.418594785759183
2602,21.418594785759183
2603,21.418594785759183
2604,21.418594785759183
2605,21.418594785759183
2606,21.418594785759183
2607,21.418594785759183
2608,21.509994789496034
2609,21.509994789496034
2610,21.055936401868365
2611,21.055936401868365
2612,22.090140364629093
2613,22.090140364629093
2614,24.181146611715327
2615,24.181146611715327
2616,24.326850912983947
2617,24.326850912983947
2618,24.219443695401196
2619,24.219443695401196
2620,100.89973044288736
2621,100.89973044288736
2622,101.07292096541426
2623,101.07292096541426
2624,100.90970629036934
2625,100.90970629036934
2626,100.71300150595934
2627,100.71300150595934
2628,101.11395018814262
2629,101.11395018814262
2630,82.56098765989752
2631,82.56098765989752
2632,77.5428918027362
2633,77.5428918027362
2634,75.19739650108583
2635,75.19739650108583
2636,79.21733099437883
2637,79.21733099437883
2638,81.0007558179003
2639,81.0007558179003
2640,47.148045080768554
2641,47.148045080768554
2642,47.31286373161592
2643,47.31286373161592
2644,48.22182370133122
2645,48.22182370133122
2646,48.22182370133122
2647,48.22182370133122
2648,48.65696083133275
2649,48.65696083133275
2650,10.197854656815544
2651,10.197854656815544
2652,10.197854656815544
2653,10.197854656815544
2654,10.43649904781317
2655,10.43649904781317
2656,10.735760100676822
2657,10.735760100676822
2658,10.571072208484926
2659,10.571072208484926
2660,27.810650289219424
2661,27.810650289219424
2662,28.470696364627088
2663,28.470696364627088
2664,28.279649130049755
2665,28.279649130049755
2666,28.279649130049755
2667,28.279649130049755
2668,28.669169991935
2669,28.669169991935
2670,140.25057535381947
2671,140.25057535381947
2672,147.42026660198658
2673,147.42026660198658
2674,145.16949423132917
2675,145.16949423132917
2676,138.0091403571865
2677,138.0091403571865
2678,140.25057535381947
2679,140.25057535381947
2680,88.96888484724003
2681,88.96888484724003
2682,91.69386452493116
2683,91.69386452493116
2684,93.49399849418306
2685,93.49399849418306
2686,94.5258855138781
2687,94.5258855138781
2688,94.83638653117336
2689,94.83638653117336
2690,24.958886890551625
2691,24.958886890551625
2692,25.95495977987609
2693,25.95495977987609
2694,27.097511457759857
2695,27.097511457759857
2696,26.392704408192625
2697,26.392704408192625
2698,27.289549709136526
2699,27.289549709136526
2700,20.25072645726289
2701,20.25072645726289
2702,20.438606111663212
2703,20.438606111663212
2704,20.438606111663212
2705,20.438606111663212
2706,20.438606111663212
2707,20.438606111663212
2708,20.489370848260517
2709,20.489370848260517
2710,38.788678596809454
2711,38.788678596809454
2712,39.680836455518055
2713,39.680836455518055
2714,39.30301563692741
2715,39.30301563692741
2716,38.788678596809454
2717,38.788678596809454
2718,39.30301563692741
2719,39.30301563692741
2720,58.57175963374338
2721,58.57175963374338
2722,60.89568249901558
2723,60.89568249901558
2724,61.150235328195336
2725,61.150235328195336
2726,60.86827600440353
2727,60.86827600440353
2728,60.86827600440353
2729,60.86827600440353
2730,59.85567494770846
2731,59.85567494770846
2732,59.975652274185975
2733,59.975652274185975
2734,60.845973079406825
2735,60.845973079406825
2736,63.23371283092984
2737,63.23371283092984
2738,63.23371283092984
2739,63.23371283092984
2740,41.928845417703734
2741,41.928845417703734
2742,41.05053721651589
2743,41.05053721651589
2744,39.486493693276955
2745,39.486493693276955
2746,39.11846357608519
2747,39.11846357608519
2748,38.97354267212119
2749,38.97354267212119
2750,231.54181349693164
2751,231.79550829019067
2752,236.92275446417753
2753,236.92275446417753
2754,239.7363217922485
2755,239.7363217922485
2756,238.2360470973727
2757,237.94071510088506
2758,237.94071510088506
2759,237.94071510088506
2760,114.39005262198751
2761,114.39005262198751
2762,114.74200825114193
2763,114.74200825114193
2764,117.86486882204608
2765,117.86486882204608
2766,118.32392057667823
2767,118.32392057667823
2768,118.2843343236894
2769,118.2843343236894
2770,10.2972828870685
2771,10.2972828870685
2772,10.431856047740256
2773,10.431856047740256
2774,10.619735702140579
2775,10.619735702140579
2776,10.872239415513642
2777,10.872239415513642
2778,10.872239415513642
2779,10.872239415513642
2780,134.837461888914
2781,134.837461888914
2782,141.3969983526547
2783,141.3969983526547
2784,148.26229938667737
2785,148.26229938667737
2786,144.99458687023574
2787,144.99458687023574
2788,142.91385180639264
2789,142.91385180639264
2790,60.678635362402225
2791,60.678635362402225
2792,62.785031466149896
2793,62.785031466149896
2794,61.00805409574031
2795,61.00805409574031
2796,62.66201967959938
2797,62.66201967959938
2798,62.785031466149896
2799,62.785031466149896
2800,8.656327191556576
2801,8.656327191556576
2802,10.147470111391096
2803,10.147470111391096
2804,9.013959257168702
2805,9.013959257168702
2806,8.470270640599372
2807,8.470270640599372
2808,8.656327191556576
2809,8.656327191556576
2810,15.249759757156053
2811,15.249759757156053
2812,15.528342173466346
2813,15.528342173466346
2814,15.922456688400418
2815,15.922456688400418
2816,15.5120504377031
2817,15.5120504377031
2818,15.5120504377031
2819,15.5120504377031
2820,38.0101096537385
2821,38.0101096537385
2822,37.36297012567117
2823,37.36297012567117
2824,36.929077066891175
2825,36.929077066891175
2826,37.87730716578913
2827,37.87730716578913
2828,36.929077066891175
2829,36.929077066891175
2830,178.72328740837787
2831,178.72328740837787
2832,184.08063351100782
2833,184.08063351100782
2834,184.17885217390454
2835,184.17885217390454
2836,183.20887021679633
2837,183.20887021679633
2838,184.51523159534912
2839,184.51523159534912
2840,81.67879934413507
2841,81.67879934413507
2842,84.19875531039668
2843,84.19875531039668
2844,85.843103833473
2845,85.843103833473
2846,84.47522104021978
2847,84.47522104021978
2848,84.47522104021978
2849,84.47522104021978
2850,58.09687267636558
2851,58.09687267636558
2852,57.6738304720517
2853,57.6738304720517
2854,54.70718648658288
2855,54.70718648658288
2856,55.075654798283324
2857,55.075654798283324
2858,57.33311185205914
2859,57.33311185205914
2860,38.605318352681635
2861,38.605318352681635
2862,39.123212902031284
2863,39.123212902031284
2864,38.80063700052469
2865,38.80063700052469
2866,39.123212902031284
2867,39.123212902031284
2868,38.925285933512654
2869,38.925285933512654
2870,87.21726689812958
2871,87.21726689812958
2872,87.70746144376166
2873,87.70746144376166
2874,83.22488740103692
2875,83.22488740103692
2876,86.54020991076764
2877,86.54020991076764
2878,84.39882893996386
2879,84.39882893996386
2880,36.22769110813142
2881,36.22769110813142
2882,36.15130365804195
2883,36.15130365804195
2884,36.15130365804195
2885,36.15130365804195
2886,36.22769110813142
2887,36.22769110813142
2888,36.22769110813142
2889,36.22769110813142
2890,60.85472868718141
2891,60.85472868718141
2892,63.49095684790982
2893,63.49095684790982
2894,66.23773655328792
2895,66.23773655328792
2896,66.48464180985067
2897,66.48464180985067
2898,66.5052451394657
2899,66.5052451394657
2900,106.82161712357772
2901,106.82161712357772
2902,108.38937705013932
2903,108.38937705013932
2904,104.97965398296047
2905,104.97965398296047
2906,104.97965398296047
2907,104.97965398296047
2908,105.56101000658181
2909,105.56101000658181
2910,13.611872195082796
2911,13.611872195082796
2912,13.799751849483117
2913,13.799751849483117
2914,13.850516586080422
2915,13.850516586080422
2916,13.850516586080422
2917,13.850516586080422
2918,14.015204478272318
2919,14.015204478272318
2920,75.03252965560904
2921,75.03252965560904
2922,82.09462313292623
2923,82.09462313292623
2924,81.51770839906472
2925,81.51770839906472
2926,78.31460244061715
2927,78.31460244061715
2928,78.76526079875107
2929,78.76526079875107
2930,167.25649227305144
2931,167.25649227305144
2932,167.78776507193302
2933,167.78776507193302
2934,167.78776507193302
2935,167.78776507193302
2936,166.83251185528735
2937,166.83251185528735
2938,168.52451535142353
2939,168.52451535142353
2940,24.287956934525546
2941,24.287956934525546
2942,24.256000550298005
2943,24.256000550298005
2944,24.92421154885729
2945,24.92421154885729
2946,25.32916590014758
2947,25.32916590014758
2948,25.32916590014758
2949,25.32916590014758
2950,148.87004304507357
2951,148.87004304507357
2952,149.34016512772442
2953,149.34016512772442
2954,148.33616095878588
2955,148.33616095878588
2956,148.96070681463246
2957,148.96070681463246
2958,150.46295509100608
2959,150.46295509100608
2960,16.882410380411653
2961,16.882410380411653
2962,16.882410380411653
2963,16.882410380411653
2964,16.882410380411653
2965,16.882410380411653
2966,16.958797830501116
2967,16.958797830501116
2968,16.958797830501116
2969,16.958797830501116
2970,124.1501284488706
2971,124.1501284488706
2972,125.46363786626404
2973,125.46363786626404
2974,126.8589064516904
2975,126.8589064516904
2976,130.42360440260288
2977,130.42360440260288
2978,131.61680456540486
2979,131.61680456540486
2980,25.500906440172784
2981,25.500906440172784
2982,25.500906440172784
2983,25.500906440172784
2984,25.500906440172784
2985,25.500906440172784
2986,25.500906440172784
2987,25.500906440172784
2988,25.500906440172784
2989,25.500906440172784
2990,81.01904215006383
2991,81.01904215006383
2992,81.61284059618919
2993,81.61284059618919
2994,82.22290084402405
2995,82.22290084402405
2996,81.23076367879231
2997,81.23076367879231
2998,81.45673282920214
2999,81.45673282920214
3000,50.50254809810064
3001,50.50254809810064
3002,51.7733041305496
3003,51.7733041305496
3004,50.64416228310011
3005,50.64416228310011
3006,49.79315175771075
3007,49.79315175771075
3008,51.01374271251593
3009,51.01374271251593
3010,52.40576798853809
3011,52.40576798853809
3012,52.64385874196607
3013,52.64385874196607
3014,52.40576798853809
3015,52.40576798853809
3016,52.64385874196607
3017,52.64385874196607
3018,53.10148109396819
3019,53.10148109396819
3020,40.404715532698745
3021,40.404715532698745
3022,41.06151406016149
3023,41.06151406016149
3024,40.01249262358774
3025,40.01249262358774
3026,39.87969013563836
3027,39.87969013563836
3028,40.01249262358774
3029,40.01249262358774
3030,29.138675762002276
3031,29.138675762002276
3032,30.307566982187712
3033,30.307566982187712
3034,29.924772718336172
3035,29.924772718336172
3036,29.266624881366617
3037,29.266624881366617
3038,29.433544864874683
3039,29.433544864874683
3040,21.878723977880604
3041,21.878723977880604
3042,22.51441259863975
3043,22.51441259863975
3044,23.986722995207455
3045,23.986722995207455
3046,23.700318949681645
3047,23.700318949681645
3048,23.475665643447954
3049,23.475665643447954
3050,47.734385758725054
3051,47.734385758725054
3052,49.052107580824654
3053,49.052107580824654
3054,47.734385758725054
3055,47.734385758725054
3056,46.92359879013923
3057,46.92359879013923
3058,47.06919975348152
3059,47.06919975348152
3060,60.497503411400366
3061,60.497503411400366
3062,60.36327725720581
3063,60.36327725720581
3064,60.49510109159283
3065,60.49510109159283
3066,60.6338720061443
3067,60.6338720061443
3068,62.31645451768183
3069,62.31645451768183
3070,8.122599827923308
3071,8.122599827923308
3072,10.07259889704236
3073,10.07259889704236
3074,9.213986158462948
3075,9.213986158462948
3076,7.754652144843162
3077,7.754652144843162
3078,7.754652144843162
3079,7.754652144843162
3080,58.38520188972726
3081,58.38520188972726
3082,61.04484207460485
3083,61.04484207460485
3084,60.00848037288094
3085,60.00848037288094
3086,58.310785080705855
3087,58.310785080705855
3088,58.72761769223333
3089,58.72761769223333
3090,19.513493363144356
3091,19.513493363144356
3092,19.971343000311826
3093,19.971343000311826
3094,21.37194974621063
3095,21.37194974621063
3096,21.95651776561802
3097,21.95651776561802
3098,21.95651776561802
3099,21.95651776561802
3100,47.77367374786797
3101,47.77367374786797
3102,48.207148268438885
3103,48.207148268438885
3104,48.207148268438885
3105,48.207148268438885
3106,48.944028385815585
3107,48.944028385815585
3108,50.00186270960134
3109,50.00186270960134
3110,58.803606056776545
3111,58.803606056776545
3112,61.47855189167909
3113,61.47855189167909
3114,61.63443615141236
3115,61.63443615141236
3116,61.857333096856465
3117,61.857333096856465
3118,62.137882104471245
3119,62.137882104471245
3120,17.16635384269207
3121,17.16635384269207
3122,16.389253348615526
3123,16.389253348615526
3124,16.516656510943054
3125,16.516656510943054
3126,17.16635384269207
3127,17.16635384269207
3128,17.644760260799263
3129,17.644760260799263
3130,14.635602060775998
3131,14.635602060775998
3132,14.90702159875152
3133,14.90702159875152
3134,13.792305462142863
3135,13.792305462142863
3136,13.593628662839544
3137,13.593628662839544
3138,13.571965337601453
3139,13.571965337601453
3140,124.77193081156632
3141,124.77193081156632
3142,126.59155058146796
3143,126.59155058146796
3144,128.0794726596736
3145,128.0794726596736
3146,129.31647401716657
3147,129.31647401716657
3148,130.0453149451612
3149,130.0453149451612
3150,7.070311018670147
3151,7.070311018670147
3152,7.070311018670147
3153,7.070311018670147
3154,7.070311018670147
3155,7.070311018670147
3156,7.1466984687596105
3157,7.1466984687596105
3158,7.308955409667774
3159,7.308955409667774
3160,143.57383469747745
3161,143.57383469747745
3162,151.2114505539264
3163,151.2114505539264
3164,151.2114505539264
3165,151.2114505539264
3166,151.5323754891408
3167,151.5323754891408
3168,151.55359675157547
3169,151.55359675157547
3170,93.83129890943934
3171,93.83129890943934
3172,95.98824506027846
3173,95.98824506027846
3174,97.5112866191521
3175,97.5112866191521
3176,97.5112866191521
3177,97.5112866191521
3178,97.7075871601913
3179,97.7075871601913
3180,132.65447205304523
3181,132.65447205304523
3182,132.8192333347469
3183,132.8192333347469
3184,132.66438746228098
3185,132.66438746228098
3186,132.4996261805793
3187,132.4996261805793
3188,132.23120457825084
3189,132.23120457825084
3190,74.11120468558708
3191,74.11120468558708
3192,76.91103572522762
3193,76.91103572522762
3194,78.2281329884034
3195,78.2281329884034
3196,78.17013492923353
3197,78.17013492923353
3198,77.94405139121278
3199,77.94405139121278
3200,41.58250623632199
3201,41.58250623632199
3202,37.13627811424019
3203,37.13627811424019
3204,38.84758728060381
3205,38.84758728060381
3206,38.84758728060381
3207,38.84758728060381
3208,39.35292024299211
3209,39.35292024299211
3210,25.174734051183354
3211,25.174734051183354
3212,25.5465575188007
3213,25.5465575188007
3214,25.606007592982596
3215,25.606007592982596
3216,25.97783106059994
3217,25.97783106059994
3218,26.274409925298595
3219,26.274409925298595
3220,108.4429790018188
3221,108.4429790018188
3222,119.5953293588684
3223,119.5953293588684
3224,120.52322906544678
3225,120.52322906544678
3226,112.41577218013998
3227,112.41577218013998
3228,104.26803263532591
3229,104.26803263532591
3230,5.459750496183836
3231,5.459750496183836
3232,5.459750496183836
3233,5.459750496183836
3234,5.459750496183836
3235,5.459750496183836
3236,5.459750496183836
3237,5.459750496183836
3238,5.459750496183836
3239,5.459750496183836
3240,19.24965238395991
3241,19.24965238395991
3242,21.58528626463922
3243,21.58528626463922
3244,21.881891770809517
3245,21.881891770809517
3246,22.45138221385493
3247,22.45138221385493
3248,21.642201983704826
3249,21.642201983704826
3250,117.26974964783935
3251,117.26974964783935
3252,119.77166649284277
3253,119.77166649284277
3254,123.67224488729747
3255,123.67224488729747
3256,123.79393269585724
3257,123.79393269585724
3258,124.3920142700539
3259,124.3920142700539
3260,22.925336247176215
3261,22.925336247176215
3262,21.90887207602952
3263,21.90887207602952
3264,22.216235179382853
3265,22.216235179382853
3266,21.90887207602952
3267,21.90887207602952
3268,22.216235179382853
3269,22.216235179382853
3270,105.52211764249705
3271,105.52211764249705
3272,104.68413704630403
3273,104.68413704630403
3274,102.29481393517881
3275,102.29481393517881
3276,103.2219491095383
3277,103.2219491095383
3278,105.77701884345228
3279,105.77701884345228
3280,118.16309251855876
3281,118.16309251855876
3282,118.16309251855876
3283,118.16309251855876
3284,117.3627069418549
3285,117.3627069418549
3286,117.87924589381217
3287,117.87924589381217
3288,118.69085058145342
3289,118.69085058145342
3290,123.04454538134179
3291,123.04454538134179
3292,124.96419227768527
3293,124.96419227768527
3294,125.5358387354203
3295,125.5358387354203
3296,128.99490362696903
3297,128.99490362696903
3298,130.16682080961016
3299,130.16682080961016
3300,99.9227559436269
3301,99.9227559436269
3302,102.71873285390224
3303,102.71873285390224
3304,102.95500637070464
3305,102.95500637070464
3306,103.11974689917137
3307,103.11974689917137
3308,102.5539923254355
3309,102.5539923254355
3310,14.522864390710483
3311,14.522864390710483
3312,16.07092632208419
3313,16.07092632208419
3314,17.29615240273559
3315,17.29615240273559
3316,17.56639318005897
3317,17.56639318005897
3318,17.29615240273559
3319,17.29615240273559
3320,2.3335888266941818
3321,2.3335888266941818
3322,2.3335888266941818
3323,2.3335888266941818
3324,2.3335888266941818
3325,2.3335888266941818
3326,2.3335888266941818
3327,2.3335888266941818
3328,2.3335888266941818
3329,2.3335888266941818
3330,150.8388659582657
3331,150.8388659582657
3332,155.9462571195781
3333,155.9462571195781
3334,158.196356978622
3335,158.196356978622
3336,159.67213866566402
3337,159.37680666917637
3338,161.0665541995211
3339,161.0665541995211
3340,19.505184100709705
3341,19.505184100709705
3342,22.551125673951613
3343,22.551125673951613
3344,22.3683894412477
3345,22.3683894412477
3346,20.561929024651516
3347,20.561929024651516
3348,19.74699358468036
3349,19.74699358468036
3350,21.47652282372154
3351,21.47652282372154
3352,22.086763540088523
3353,22.086763540088523
3354,22.615823599771545
3355,22.615823599771545
3356,23.510879781970694
3357,23.510879781970694
3358,26.77712895697808
3359,26.77712895697808
3360,14.980629942907616
3361,14.980629942907616
3362,14.717498716699204
3363,14.717498716699204
3364,14.93936061528731
3365,14.93936061528731
3366,15.21465266944572
3367,15.21465266944572
3368,15.036796374065943
3369,15.036796374065943
3370,34.04457567750215
3371,34.04457567750215
3372,35.09114450412604
3373,35.09114450412604
3374,36.6918766948644
3375,36.6918766948644
3376,36.6918766948644
3377,36.6918766948644
3378,36.334448699879495
3379,36.334448699879495
3380,37.348789143014145
3381,37.348789143014145
3382,37.643949949822535
3383,37.643949949822535
3384,37.413028442047874
3385,37.413028442047874
3386,38.06640820057208
3387,38.06640820057208
3388,37.86503940179738
3389,37.86503940179738
3390,41.94933526088013
3391,41.94933526088013
3392,43.46357197264332
3393,43.46357197264332
3394,43.95986991576505
3395,43.95986991576505
3396,47.78248883083875
3397,47.78248883083875
3398,47.78248883083875
3399,47.78248883083875
3400,34.95132794318495
3401,34.95132794318495
3402,36.02282001359705
3403,36.02282001359705
3404,34.95132794318495
3405,34.95132794318495
3406,37.807822431650116
3407,37.807822431650116
3408,41.169080470877766
3409,41.169080470877766
3410,8.779299316913676
3411,8.779299316913676
3412,8.990259927674895
3413,8.990259927674895
3414,9.354255845358816
3415,9.354255845358816
3416,9.477036944522021
3417,9.477036944522021
3418,9.641724836713914
3419,9.641724836713914
3420,46.07438555127776
3421,46.07438555127776
3422,45.97871833268999
3423,45.97871833268999
3424,46.07438555127776
3425,46.07438555127776
3426,46.07438555127776
3427,46.07438555127776
3428,46.65513249854207
3429,46.65513249854207
3430,31.38545227927915
3431,31.38545227927915
3432,30.727101361513263
3433,30.727101361513263
3434,30.237262865710186
3435,30.237262865710186
3436,30.727101361513263
3437,30.727101361513263
3438,31.40879465202122
3439,31.40879465202122
3440,36.228111409226926
3441,36.228111409226926
3442,36.136711405490075
3443,36.136711405490075
3444,36.24977473446502
3445,36.24977473446502
3446,36.34117473820187
3447,36.34117473820187
3448,36.34117473820187
3449,36.34117473820187
3450,8.091537964761251
3451,8.091537964761251
3452,8.091537964761251
3453,8.091537964761251
3454,8.330182355758877
3455,8.330182355758877
3456,8.330182355758877
3457,8.330182355758877
3458,8.167925414850714
3459,8.167925414850714
3460,13.336534508179252
3461,13.336534508179252
3462,13.918981117069027
3463,13.918981117069027
3464,13.830947160471812
3465,13.830947160471812
3466,13.59966573438766
3467,13.59966573438766
3468,13.727504727680088
3469,13.727504727680088
3470,21.33966806400746
3471,21.33966806400746
3472,23.014293711671066
3473,23.014293711671066
3474,23.61138351183952
3475,23.61138351183952
3476,23.61138351183952
3477,23.61138351183952
3478,23.951840061745916
3479,23.951840061745916
3480,35.57801007497085
3481,35.57801007497085
3482,42.30152004273072
3483,42.30152004273072
3484,41.92883622818235
3485,41.92883622818235
3486,36.95451213068182
3487,36.95451213068182
3488,31.28406752275282
3489,31.28406752275282
3490,103.42182204981304
3491,103.42182204981304
3492,104.33200606509531
3493,104.33200606509531
3494,99.66891007620806
3495,99.66891007620806
3496,99.66891007620806
3497,99.66891007620806
3498,106.49427808292516
3499,106.49427808292516
3500,12.5199400677267
3501,12.5199400677267
3502,12.75858445872433
3503,12.75858445872433
3504,12.92327235091623
3505,12.92327235091623
3506,13.792736162503003
3507,13.792736162503003
3508,14.712286568415813
3509,14.712286568415813
3510,75.52639065456509
3511,75.52639065456509
3512,77.04471726765871
3513,77.04471726765871
3514,80.31978326328628
3515,80.31978326328628
3516,81.7589871240366
3517,81.7589871240366
3518,82.10794147107073
3519,82.10794147107073
3520,31.24208698622935
3521,31.24208698622935
3522,31.572943603504044
3523,31.572943603504044
3524,32.203636978995384
3525,32.203636978995384
3526,32.47242915324668
3527,32.47242915324668
3528,32.47242915324668
3529,32.47242915324668
3530,48.14837950710217
3531,48.14837950710217
3532,50.06523999511638
3533,50.06523999511638
3534,50.81576845088754
3535,50.81576845088754
3536,53.15135037820826
3537,53.15135037820826
3538,53.492068998200814
3539,53.492068998200814
3540,14.722135714605013
3541,14.722135714605013
3542,14.284958178527457
3543,14.284958178527457
3544,13.973218050249189
3545,13.973218050249189
3546,13.973218050249189
3547,13.973218050249189
3548,14.22458229202845
3549,14.22458229202845
3550,34.764989989885116
3551,34.764989989885116
3552,34.764989989885116
3553,34.764989989885116
3554,35.26091314815756
3555,35.26091314815756
3556,36.15203832558479
3557,36.15203832558479
3558,34.54396494727506
3559,34.54396494727506
3560,90.35477553672237
3561,90.35477553672237
3562,93.2801507624432
3563,93.2801507624432
3564,94.32554883569624
3565,94.32554883569624
3566,95.1327197373337
3567,95.1327197373337
3568,97.23660847812933
3569,97.23660847812933
3570,79.28388444707107
3571,79.28388444707107
3572,81.68048530404609
3573,81.68048530404609
3574,83.54734629697293
3575,83.54734629697293
3576,82.65879736238266
3577,82.65879736238266
3578,79.90869263006356
3579,79.90869263006356
3580,131.60342444111083
3581,131.60342444111083
3582,119.32013678136941
3583,119.32013678136941
3584,117.77224399451029
3585,117.77224399451029
3586,118.82767288286081
3587,118.82767288286081
3588,118.82767288286081
3589,118.82767288286081
3590,73.23343088954907
3591,73.23343088954907
3592,76.41084299543267
3593,76.41084299543267
3594,78.51383413124863
3595,78.51383413124863
3596,80.86549134658276
3597,80.86549134658276
3598,81.63505428216013
3599,81.63505428216013
3600,89.31020706510341
3601,89.31020706510341
3602,92.37673838747072
3603,92.37673838747072
3604,97.70765976939391
3605,97.70765976939391
3606,93.72377547952713
3607,93.72377547952713
3608,98.72374328851616
3609,98.72374328851616
3610,66.69517250354045
3611,66.69517250354045
3612,66.69517250354045
3613,66.69517250354045
3614,66.69517250354045
3615,66.69517250354045
3616,66.69517250354045
3617,66.69517250354045
3618,68.08204137129248
3619,68.08204137129248
3620,108.55719865872584
3621,108.55719865872584
3622,108.74466054401549
3623,108.74466054401549
3624,108.5066644759633
3625,108.5066644759633
3626,108.5066644759633
3627,108.5066644759633
3628,109.13307321662953
3629,109.13307321662953
3630,41.05480290258906
3631,41.05480290258906
3632,42.46513709996634
3633,42.46513709996634
3634,42.71098429754196
3635,42.71098429754196
3636,44.12247469660574
3637,44.12247469660574
3638,44.77871109623548
3639,44.77871109623548
3640,22.67661573001291
3641,22.67661573001291
3642,23.601085572217098
3643,23.601085572217098
3644,24.773880821835863
3645,24.773880821835863
3646,24.773880821835863
3647,24.773880821835863
3648,24.564173862254297
3649,24.564173862254297
3650,29.2155431895514
3651,29.2155431895514
3652,30.168631579444874
3653,30.168631579444874
3654,30.022641251271324
3655,30.022641251271324
3656,31.10110268163814
3657,31.10110268163814
3658,31.469826094983755
3659,31.469826094983755
3660,37.39279863455159
3661,37.39279863455159
3662,37.652143073963835
3663,37.652143073963835
3664,38.452456948687875
3665,38.452456948687875
3666,38.42219935635776
3667,38.42219935635776
3668,38.561378151209766
3669,38.561378151209766
3670,33.04011651960146
3671,33.04011651960146
3672,33.04011651960146
3673,33.04011651960146
3674,33.04011651960146
3675,33.04011651960146
3676,32.277185029797806
3677,32.277185029797806
3678,32.93872698759938
3679,32.93872698759938
3680,72.50947398509011
3681,72.50947398509011
3682,72.57733906769063
3683,72.57733906769063
3684,73.22019120271676
3685,73.22019120271676
3686,73.22019120271676
3687,73.22019120271676
3688,72.68474628527338
3689,72.68474628527338
3690,23.681957343166996
3691,23.681957343166996
3692,25.347276425446317
3693,25.347276425446317
3694,25.34291151067565
3695,25.34291151067565
3696,25.34291151067565
3697,25.34291151067565
3698,25.34291151067565
3699,25.34291151067565
3700,6.520147614575759
3701,6.520147614575759
3702,6.520147614575759
3703,6.520147614575759
3704,6.520147614575759
3705,6.520147614575759
3706,6.520147614575759
3707,6.520147614575759
3708,6.520147614575759
3709,6.520147614575759
3710,39.82320735594152
3711,39.82320735594152
3712,41.06506610649482
3713,41.06506610649482
3714,41.46238654428982
3715,41.46238654428982
3716,41.46238654428982
3717,41.46238654428982
3718,42.643561548169636
3719,42.643561548169636
3720,49.967311110654045
3721,49.967311110654045
3722,50.44323820559272
3723,50.44323820559272
3724,49.967311110654045
3725,49.967311110654045
3726,50.09055380740324
3727,50.09055380740324
3728,49.967311110654045
3729,49.967311110654045
3730,15.912787244575048
3731,15.912787244575048
3732,16.11658192144251
3733,16.11658192144251
3734,16.00069508110898
3735,16.00069508110898
3736,16.15795766534025
3737,16.15795766534025
3738,16.155367562136316
3739,16.155367562136316
3740,38.39988373436873
3741,38.39988373436873
3742,39.75989403008816
3743,39.75989403008816
3744,41.48361737515398
3745,41.48361737515398
3746,42.04203349939734
3747,42.04203349939734
3748,42.04203349939734
3749,42.04203349939734
3750,11.932437334346712
3751,11.932437334346712
3752,13.30861498613491
3753,13.30861498613491
3754,13.32297832360096
3755,13.32297832360096
3756,13.642698719514831
3757,13.642698719514831
3758,14.642519523983207
3759,14.642519523983207
3760,65.98792659769047
3761,65.98792659769047
3762,65.98792659769047
3763,65.98792659769047
3764,65.98792659769047
3765,65.98792659769047
3766,65.98792659769047
3767,65.98792659769047
3768,65.98792659769047
3769,65.98792659769047
3770,102.0922743937792
3771,102.0922743937792
3772,104.65296309631445
3773,104.65296309631445
3774,106.67393007983186
3775,106.67393007983186
3776,109.37759742289595
3777,109.37759742289595
3778,109.99821688724327
3779,109.99821688724327
3780,94.85626102999571
3781,94.85626102999571
3782,98.33350320338802
3783,98.33350320338802
3784,99.03605929058953
3785,99.03605929058953
3786,99.667731441194
3787,99.667731441194
3788,98.33350320338802
3789,98.33350320338802
3790,20.836368449130212
3791,20.836368449130212
3792,20.932301051068013
3793,20.932301051068013
3794,21.14200801064958
3795,21.14200801064958
3796,21.24941522823233
3797,21.24941522823233
3798,21.56383510306563
3799,21.56383510306563
3800,2.3335888266941818
3801,2.3335888266941818
3802,2.3335888266941818
3803,2.3335888266941818
3804,2.3335888266941818
3805,2.3335888266941818
3806,2.3335888266941818
3807,2.3335888266941818
3808,2.3335888266941818
3809,2.3335888266941818
3810,8.407546307965177
3811,8.407546307965177
3812,8.407546307965177
3813,8.407546307965177
3814,8.407546307965177
3815,8.407546307965177
3816,8.407546307965177
3817,8.407546307965177
3818,8.407546307965177
3819,8.407546307965177
3820,2.3335888266941818
3821,2.3335888266941818
3822,2.3335888266941818
3823,2.3335888266941818
3824,2.3335888266941818
3825,2.3335888266941818
3826,2.3335888266941818
3827,2.3335888266941818
3828,2.3335888266941818
3829,2.3335888266941818
3830,82.01922202376925
3831,82.01922202376925
3832,81.59854673868658
3833,81.59854673868658
3834,81.59854673868658
3835,81.59854673868658
3836,81.68994674242344
3837,81.68994674242344
3838,82.01922202376925
3839,82.01922202376925
3840,166.55982659348817
3841,166.55982659348817
3842,161.91703133562578
3843,161.91703133562578
3844,165.15893844464898
3845,165.15893844464898
3846,166.91790751235973
3847,166.91790751235973
3848,161.86431651799853
3849,161.86431651799853
3850,113.45377736279774
3851,113.45377736279774
3852,121.97297773689112
3853,121.97297773689112
3854,121.97297773689112
3855,121.97297773689112
3856,123.42621727020918
3857,123.42621727020918
3858,127.2678881488558
3859,127.2678881488558
3860,17.548049353357538
3861,17.548049353357538
3862,17.374720160960333
3863,17.374720160960333
3864,17.636083309954753
3865,17.636083309954753
3866,18.130977393511824
3867,18.130977393511824
3868,18.130977393511824
3869,18.130977393511824
3870,16.591741912773628
3871,16.591741912773628
3872,17.025206942395233
3873,17.025206942395233
3874,17.025206942395233
3875,17.025206942395233
3876,17.390686726519807
3877,17.390686726519807
3878,17.450948594856023
3879,17.450948594856023
3880,24.45687967448371
3881,24.45687967448371
3882,24.752161502783792
3883,24.752161502783792
3884,25.555038743349154
3885,25.555038743349154
3886,25.555038743349154
3887,25.555038743349154
3888,25.771021819310707
3889,25.771021819310707
3890,46.60693880452033
3891,46.60693880452033
3892,46.69497276111755
3893,46.69497276111755
3894,45.76141099698526
3895,45.76141099698526
3896,46.60693880452033
3897,46.60693880452033
3898,47.308617104821835
3899,47.308617104821835
3900,67.43972943177778
3901,67.43972943177778
3902,68.0578199499255
3903,68.0578199499255
3904,67.72285832858766
3905,67.72285832858766
3906,64.19035349911351
3907,64.19035349911351
3908,65.25365765514356
3909,65.25365765514356
3910,313.55480329255295
3911,314.18687790337907
3912,323.2230275561002
3913,323.2230275561002
3914,323.2230275561002
3915,323.2230275561002
3916,323.2230275561002
3917,323.2230275561002
3918,323.2230275561002
3919,323.2230275561002
3920,76.89529604166627
3921,76.89529604166627
3922,74.98150582133378
3923,74.98150582133378
3924,77.2801649768763
3925,77.2801649768763
3926,78.01715703961851
3927,78.01715703961851
3928,78.1308854861853
3929,78.1308854861853
3930,110.91777443291804
3931,110.91777443291804
3932,111.26693787983879
3933,111.26693787983879
3934,110.15505813813951
3935,110.15505813813951
3936,107.16021031918663
3937,107.16021031918663
3938,108.48433035513041
3939,108.48433035513041
3940,32.40613439352148
3941,32.40613439352148
3942,34.23870374958859
3943,34.23870374958859
3944,33.744640688781004
3945,33.744640688781004
3946,35.21241397256175
3947,35.21241397256175
3948,36.26990143902534
3949,36.26990143902534
3950,67.42410749518511
3951,67.42410749518511
3952,69.51453752880873
3953,69.51453752880873
3954,72.90757215713909
3955,72.90757215713909
3956,70.12679333497172
3957,70.12679333497172
3958,67.6230309290929
3959,67.6230309290929
3960,12.243581925194912
3961,12.243581925194912
3962,12.294346661792217
3963,12.294346661792217
3964,12.294346661792217
3965,12.294346661792217
3966,12.66077353075987
3967,12.66077353075987
3968,12.999582013161104
3969,12.999582013161104
3970,86.34906636827748
3971,86.34906636827748
3972,89.88112382536828
3973,89.88112382536828
3974,92.01655675855113
3975,92.01655675855113
3976,94.35796341001182
3977,94.35796341001182
3978,94.35796341001182
3979,94.35796341001182
3980,40.84515656956744
3981,40.84515656956744
3982,42.25750069455453
3983,42.25750069455453
3984,42.25750069455453
3985,42.25750069455453
3986,42.25750069455453
3987,42.25750069455453
3988,43.55595622917904
3989,43.55595622917904
3990,16.186595887241868
3991,16.186595887241868
3992,16.760634548270634
3993,16.760634548270634
3994,16.826693991137347
3995,16.826693991137347
3996,17.272204169994758
3997,17.272204169994758
3998,18.461410072744062
3999,18.461410072744062
4000,6.730167985780803
4001,6.730167985780803
4002,6.730167985780803
4003,6.730167985780803
4004,6.730167985780803
4005,6.730167985780803
4006,7.133500268970327
4007,7.133500268970327
4008,6.918047640181123
4009,6.918047640181123
4010,54.42544543905081
4011,54.42544543905081
4012,54.61161643448164
4013,54.61161643448164
4014,53.69448584886528
4015,53.69448584886528
4016,52.29556799295135
4017,52.29556799295135
4018,53.05178055135555
4019,53.05178055135555
4020,29.653881692811765
4021,29.653881692811765
4022,29.93712214774548
4023,29.93712214774548
4024,29.30927795064502
4025,29.30927795064502
4026,29.38236982759449
4027,29.38236982759449
4028,29.922167436801683
4029,29.922167436801683
4030,69.64987999719304
4031,69.64987999719304
4032,71.03731477755458
4033,71.03731477755458
4034,71.03731477755458
4035,71.03731477755458
4036,72.03471442299639
4037,72.03471442299639
4038,72.7988679413908
4039,72.7988679413908
4040,56.8245532574759
4041,56.8245532574759
4042,57.62918778485027
4043,57.62918778485027
4044,57.30024378191334
4045,57.30024378191334
4046,57.193845989010676
4047,57.193845989010676
4048,58.39249733707288
4049,58.39249733707288
4050,31.400188846297
4051,31.400188846297
4052,29.773929745093067
4053,29.773929745093067
4054,30.078601332872797
4055,30.078601332872797
4056,30.31908631104846
4057,30.31908631104846
4058,30.700629560507842
4059,30.700629560507842
4060,110.73576578131377
4061,110.73576578131377
4062,113.89699244028164
4063,113.89699244028164
4064,113.07316691120569
4065,113.07316691120569
4066,112.6319378720695
4067,112.6319378720695
4068,115.48660768413427
4069,115.48660768413427
4070,12.826120656080665
4071,12.826120656080665
4072,13.419161449182749
4073,13.419161449182749
4074,14.15638400011392
4075,14.15638400011392
4076,14.374324970179904
4077,14.374324970179904
4078,14.583313331551523
4079,14.583313331551523
4080,109.05523221994153
4081,109.05523221994153
4082,111.36915822006027
4083,111.36915822006027
4084,114.00900849389915
4085,114.00900849389915
4086,115.47217292113818
4087,115.47217292113818
4088,116.8525979270427
4089,116.8525979270427
4090,89.39936560623642
4091,89.39936560623642
4092,93.82945102831562
4093,93.82945102831562
4094,94.8528209836172
4095,94.8528209836172
4096,93.64739698423945
4097,93.64739698423945
4098,93.09199554791834
4099,93.09199554791834
4100,124.49251672409108
4101,124.49251672409108
4102,124.31341509302449
4103,124.31341509302449
4104,124.49251672409108
4105,124.49251672409108
4106,124.49251672409108
4107,124.49251672409108
4108,125.07326367135539
4109,125.07326367135539
4110,76.58320678764937
4111,76.58320678764937
4112,77.77247317759081
4113,77.77247317759081
4114,78.23483919724957
4115,78.23483919724957
4116,79.43081422647234
4117,79.43081422647234
4118,81.12908995011946
4119,81.12908995011946
4120,21.07187129840461
4121,21.07187129840461
4122,25.954129782674634
4123,25.954129782674634
4124,24.833476275194368
4125,24.833476275194368
4126,26.622293275694737
4127,26.622293275694737
4128,27.926423524677627
4129,27.926423524677627
4130,75.31307305470217
4131,75.31307305470217
4132,71.53179119668565
4133,71.53179119668565
4134,78.85578572018649
4135,78.85578572018649
4136,84.62427421341798
4137,84.62427421341798
4138,78.78371334898118
4139,78.78371334898118
4140,109.03739558700865
4141,109.03739558700865
4142,113.47453552272749
4143,113.47453552272749
4144,113.89356676685559
4145,113.89356676685559
4146,112.86545527800446
4147,112.86545527800446
4148,112.86545527800446
4149,112.86545527800446
4150,21.317289081400457
4151,21.317289081400457
4152,20.403656961006444
4153,20.403656961006444
4154,20.35188056398387
4155,20.35188056398387
4156,20.725378361384273
4157,20.725378361384273
4158,21.21001228583399
4159,21.21001228583399
4160,170.35035325120037
4161,170.35035325120037
4162,170.44735381520186
4163,170.44735381520186
4164,170.11390661866602
4165,170.11390661866602
4166,168.4033253819447
4167,168.4033253819447
4168,168.38210411951005
4169,168.38210411951005
4170,104.30123645163384
4171,104.30123645163384
4172,108.26786871519259
4173,108.26786871519259
4174,111.19168628103783
4175,111.19168628103783
4176,113.84287754103077
4177,113.84287754103077
4178,114.52227746297254
4179,114.52227746297254
4180,91.725166659544
4181,91.725166659544
4182,95.84727905427803
4183,95.84727905427803
4184,102.06733154144761
4185,102.06733154144761
4186,102.03446562678648
4187,102.03446562678648
4188,102.364417816608
4189,102.364417816608
4190,119.28561366466992
4191,119.28561366466992
4192,119.81894069979023
4193,119.81894069979023
4194,120.9991836322633
4195,120.9991836322633
4196,120.04237955823325
4197,120.04237955823325
4198,122.362199774381
4199,122.362199774381
4200,119.73338763478024
4201,119.73338763478024
4202,120.84035166046178
4203,120.84035166046178
4204,114.45706397696897
4205,114.45706397696897
4206,114.47685360435966
4207,114.47685360435966
4208,108.48756658576852
4209,108.48756658576852
4210,61.146197427449884
4211,61.146197427449884
4212,60.99599898426166
4213,60.99599898426166
4214,60.28869266452028
4215,60.28869266452028
4216,60.11186085998459
4217,60.11186085998459
4218,60.519570758234366
4219,60.519570758234366
4220,22.852801411736397
4221,22.852801411736397
4222,22.852801411736397
4223,22.852801411736397
4224,22.92918886182586
4225,22.92918886182586
4226,23.040681066136717
4227,23.040681066136717
4228,23.256133694925914
4229,23.256133694925914
4230,239.702744775528
4231,240.33481938635413
4232,242.36980313144275
4233,242.36980313144275
4234,245.28492581545453
4235,245.28492581545453
4236,252.94385981943293
4237,252.64852782294528
4238,255.1864829220649
4239,255.1864829220649
4240,67.40251104527337
4241,67.40251104527337
4242,67.8222774554885
4243,67.8222774554885
4244,64.94471510119817
4245,64.94471510119817
4246,72.33752016307402
4247,72.33752016307402
4248,71.44424602702607
4249,71.44424602702607
4250,37.39739333442448
4251,37.39739333442448
4252,38.97197301102126
4253,38.97197301102126
4254,38.97197301102126
4255,38.97197301102126
4256,39.11215365844018
4257,39.11215365844018
4258,41.70835007287687
4259,41.70835007287687
4260,28.810955222334332
4261,28.810955222334332
4262,29.525715221747255
4263,29.525715221747255
4264,28.259902753295865
4265,28.259902753295865
4266,28.810955222334332
4267,28.810955222334332
4268,29.17128530545783
4269,29.17128530545783
4270,53.17459751137931
4271,53.17459751137931
4272,54.09873188878658
4273,54.09873188878658
4274,55.30835220347206
4275,55.30835220347206
4276,55.30835220347206
4277,55.30835220347206
4278,55.59031152726386
4279,55.59031152726386
4280,21.928013466780033
4281,21.928013466780033
4282,22.163344167437945
4283,22.163344167437945
4284,21.34840872746679
4285,21.34840872746679
4286,24.51290861748173
4287,24.51290861748173
4288,24.51290861748173
4289,24.51290861748173
4290,9.02303737124003
4291,9.02303737124003
4292,9.35854171839684
4293,9.35854171839684
4294,9.438722326338038
4295,9.438722326338038
4296,10.068427364056356
4297,10.068427364056356
4298,9.86396403134456
4299,9.86396403134456
4300,117.76086156897239
4301,117.76086156897239
4302,121.52368895096204
4303,121.52368895096204
4304,124.28841001156505
4305,124.28841001156505
4306,124.50802849401751
4307,124.50802849401751
4308,125.17416611454836
4309,125.17416611454836
4310,36.99758675786719
4311,36.99758675786719
4312,37.76331674346844
4313,37.76331674346844
4314,43.93196797267395
4315,43.93196797267395
4316,38.713393629472215
4317,38.713393629472215
4318,37.19446147202313
4319,37.19446147202313
4320,36.725127086213526
4321,36.725127086213526
4322,36.48391222036856
4323,36.48391222036856
4324,38.05052544019818
4325,38.05052544019818
4326,38.05052544019818
4327,38.05052544019818
4328,38.10339317425845
4329,38.10339317425845
4330,19.425399017459565
4331,19.425399017459565
4332,19.872623111272137
4333,19.872623111272137
4334,20.6233438091386
4335,20.6233438091386
4336,20.6233438091386
4337,20.6233438091386
4338,20.13734831232015
4339,20.13734831232015
4340,32.2807389307564
4341,32.2807389307564
4342,32.61231004180108
4343,32.61231004180108
4344,26.77857806200219
4345,26.77857806200219
4346,25.264445078262497
4347,25.264445078262497
4348,26.213150681227376
4349,26.213150681227376
4350,146.83409383945533
4351,146.83409383945533
4352,150.72189347928338
4353,150.72189347928338
4354,151.5196358518524
4355,151.5196358518524
4356,151.5196358518524
4357,151.5196358518524
4358,153.33599234568192
4359,153.33599234568192
4360,10.685168416697305
4361,10.685168416697305
4362,10.819741577369062
4363,10.819741577369062
4364,10.870506313966368
4365,10.870506313966368
4366,11.035194206158264
4367,11.035194206158264
4368,11.035194206158264
4369,11.035194206158264
4370,81.45926256157469
4371,81.45926256157469
4372,86.3619481253515
4373,86.3619481253515
4374,86.3619481253515
4375,86.3619481253515
4376,84.735946717497
4377,84.735946717497
4378,84.943046149517
4379,84.943046149517
4380,126.37667168094052
4381,126.37667168094052
4382,130.31959418583975
4383,130.31959418583975
4384,135.54118842590063
4385,135.54118842590063
4386,138.02708682976333
4387,137.7317548332757
4388,138.995114565433
4389,138.995114565433
4390,92.0622841628811
4391,92.0622841628811
4392,93.24075049678137
4393,93.24075049678137
4394,93.24075049678137
4395,93.24075049678137
4396,93.20693618852411
4397,93.20693618852411
4398,93.94114595372227
4399,93.94114595372227
4400,129.93145973770382
4401,129.93145973770382
4402,131.37932904818146
4403,131.37932904818146
4404,130.65520649220892
4405,130.65520649220892
4406,131.8836140516808
4407,131.8836140516808
4408,133.91070898656562
4409,133.91070898656562
4410,19.26129239104603
4411,19.26129239104603
4412,24.8201948178902
4413,24.8201948178902
4414,23.60280016563789
4415,23.60280016563789
4416,25.80974452927099
4417,25.80974452927099
4418,27.113874778253873
4419,27.113874778253873
4420,57.288560931980115
4421,57.288560931980115
4422,78.5604341072807
4423,78.5604341072807
4424,92.59528686267855
4425,92.59528686267855
4426,85.34926782702169
4427,85.05393583053404
4428,82.60466967974662
4429,82.60466967974662
4430,55.0220215379301
4431,55.0220215379301
4432,55.0220215379301
4433,55.0220215379301
4434,55.0220215379301
4435,55.0220215379301
4436,55.0220215379301
4437,55.0220215379301
4438,55.0220215379301
4439,55.0220215379301
4440,81.06450866817185
4441,81.06450866817185
4442,81.06450866817185
4443,81.06450866817185
4444,80.45542842344882
4445,80.45542842344882
4446,80.73186439815936
4447,80.73186439815936
4448,81.06450866817185
4449,81.06450866817185
4450,8.964784319794113
4451,8.964784319794113
4452,8.671659875044584
4453,8.671659875044584
4454,8.671659875044584
4455,8.671659875044584
4456,8.778936670611053
4457,8.778936670611053
4458,8.671659875044584
4459,8.671659875044584
4460,28.52373161224253
4461,28.52373161224253
4462,28.52373161224253
4463,28.52373161224253
4464,28.261038665754604
4465,28.261038665754604
4466,27.060876963193774
4467,27.060876963193774
4468,26.70260222927318
4469,26.70260222927318
4470,148.96919937531706
4471,148.96919937531706
4472,156.75410987157022
4473,156.75410987157022
4474,159.26710277949
4475,159.26710277949
4476,157.11811463816957
4477,157.11811463816957
4478,166.70503025914618
4479,166.70503025914618
4480,46.99542931550393
4481,46.99542931550393
4482,50.065905154082195
4483,50.065905154082195
4484,47.236523813433585
4485,47.236523813433585
4486,45.78356957339424
4487,45.78356957339424
4488,44.601416053451594
4489,44.601416053451594
4490,67.4459717450416
4491,67.4459717450416
4492,69.84281306907945
4493,69.84281306907945
4494,69.25197045403674
4495,69.25197045403674
4496,68.3645601590379
4497,68.3645601590379
4498,69.58677944456986
4499,69.58677944456986
4500,140.33910008286904
4501,140.33910008286904
4502,142.9338258335273
4503,142.9338258335273
4504,145.39904681178288
4505,145.39904681178288
4506,145.6882715505626
4507,145.6882715505626
4508,147.01744597305668
4509,147.01744597305668
4510,14.246598246486274
4511,14.246598246486274
4512,14.246598246486274
4513,14.246598246486274
4514,14.672513931283055
4515,14.672513931283055
4516,15.83365950839599
4517,15.83365950839599
4518,16.64748037795194
4519,16.64748037795194
4520,169.69062279589434
4521,169.94431758915337
4522,171.87043066952214
4523,171.87043066952214
4524,173.57127717415122
4525,173.57127717415122
4526,175.36506954847715
4527,175.36506954847715
4528,173.90399304555382
4529,173.90399304555382
4530,57.928059114753204
4531,57.928059114753204
4532,59.3351978482569
4533,59.3351978482569
4534,59.85002618242434
4535,59.85002618242434
4536,60.17650072458889
4537,60.17650072458889
4538,60.64989652639874
4539,60.64989652639874
4540,6.775323645838411
4541,6.775323645838411
4542,8.981466813443497
4543,8.981466813443497
4544,9.468715346287368
4545,9.468715346287368
4546,9.119747643867477
4547,9.119747643867477
4548,7.968655598881345
4549,7.968655598881345
4550,55.162144767539715
4551,55.162144767539715
4552,55.06748822031936
4553,55.06748822031936
4554,55.06748822031936
4555,55.06748822031936
4556,55.162144767539715
4557,55.162144767539715
4558,55.253544771276566
4559,55.253544771276566
4560,144.22436148284302
4561,144.22436148284302
4562,145.59931385655887
4563,145.59931385655887
4564,148.2559157517754
4565,148.2559157517754
4566,149.7669308475575
4567,149.7669308475575
4568,150.9729665836994
4569,150.9729665836994
4570,25.977549433544468
4571,25.977549433544468
4572,26.09023613810453
4573,26.09023613810453
4574,26.09023613810453
4575,26.09023613810453
4576,26.09023613810453
4577,26.09023613810453
4578,26.42232619404477
4579,26.42232619404477
4580,36.07157691080864
4581,36.07157691080864
4582,35.66891397219654
4583,35.66891397219654
4584,34.62002009417869
4585,34.62002009417869
4586,35.66891397219654
4587,35.66891397219654
4588,36.35545210297601
4589,36.35545210297601
4590,45.4073700180846
4591,45.4073700180846
4592,47.53947899734826
4593,47.53947899734826
4594,49.569558601472934
4595,49.569558601472934
4596,50.102134470546055
4597,50.102134470546055
4598,49.81828784579947
4599,49.81828784579947
4600,26.650362858357592
4601,26.650362858357592
4602,26.79679580260051
4603,26.79679580260051
4604,27.031055607789924
4605,27.031055607789924
4606,27.12571215501028
4607,27.12571215501028
4608,27.551453807471084
4609,27.551453807471084
4610,22.76786127287701
4611,22.76786127287701
4612,22.136508504243885
4613,22.136508504243885
4614,23.092973738435422
4615,23.092973738435422
4616,24.126567318603552
4617,24.126567318603552
4618,24.032404738160196
4619,24.032404738160196
4620,14.643045142169685
4621,14.643045142169685
4622,14.870109995327175
4623,14.870109995327175
4624,15.571638624974495
4625,15.571638624974495
4626,16.08383027797693
4627,16.08383027797693
4628,15.663038628711346
4629,15.663038628711346
4630,5.782733563960011
4631,5.782733563960011
4632,5.782733563960011
4633,5.782733563960011
4634,5.97061321836033
4635,5.97061321836033
4636,6.021377954957636
4637,6.021377954957636
4638,6.021377954957636
4639,6.021377954957636
4640,221.42489688803715
4641,222.3106662921223
4642,223.59366427761475
4643,223.59366427761475
4644,224.49385144315502
4645,224.49385144315502
4646,226.96013465366954
4647,226.6648026571819
4648,226.6648026571819
4649,226.6648026571819
4650,158.23766828621424
4651,158.23766828621424
4652,167.43633602604922
4653,167.43633602604922
4654,168.18026517863234
4655,168.18026517863234
4656,170.60500173932056
4657,170.60500173932056
4658,171.49927019430424
4659,171.49927019430424
4660,44.31221845963727
4661,44.31221845963727
4662,44.31221845963727
4663,44.31221845963727
4664,44.709153288236
4665,44.709153288236
4666,45.60507402363705
4667,45.60507402363705
4668,46.386911388801785
4669,46.386911388801785
4670,104.13027914246226
4671,104.13027914246226
4672,115.69076180101791
4673,115.69076180101791
4674,102.51274323524298
4675,102.51274323524298
4676,101.14515303828978
4677,101.14515303828978
4678,93.28220401503026
4679,93.28220401503026
4680,81.469696076832
4681,81.469696076832
4682,82.58403247886953
4683,82.58403247886953
4684,82.58403247886953
4685,82.58403247886953
4686,82.45800027573452
4687,82.45800027573452
4688,82.40722766567194
4689,82.40722766567194
4690,2.3335888266941818
4691,2.3335888266941818
4692,2.3335888266941818
4693,2.3335888266941818
4694,2.3335888266941818
4695,2.3335888266941818
4696,2.3335888266941818
4697,2.3335888266941818
4698,2.3335888266941818
4699,2.3335888266941818
4700,119.78028840936075
4701,119.78028840936075
4702,120.99349003681206
4703,120.99349003681206
4704,121.11800374431311
4705,121.11800374431311
4706,124.16410948658091
4707,124.16410948658091
4708,124.03959577907986
4709,124.03959577907986
4710,19.65099763920102
4711,19.65099763920102
4712,22.76485308053646
4713,22.76485308053646
4714,23.900896746983857
4715,23.900896746983857
4716,24.43172567169446
4717,24.43172567169446
4718,25.112744053301025
4719,25.112744053301025
4720,161.33816790213638
4721,161.33816790213638
4722,161.12511998760257
4723,161.12511998760257
4724,164.00205153799124
4725,164.00205153799124
4726,166.5814020794936
4727,166.5814020794936
4728,167.47006710716997
4729,167.47006710716997
4730,17.02896525074452
4731,17.02896525074452
4732,16.65087045192105
4733,16.65087045192105
4734,16.387739225712643
4735,16.387739225712643
4736,16.48454527538464
4737,16.48454527538464
4738,16.387739225712643
4739,16.387739225712643
4740,101.4617372905275
4741,101.4617372905275
4742,104.3669404121923
4743,104.3669404121923
4744,105.09211603484898
4745,105.09211603484898
4746,102.99899618076829
4747,102.99899618076829
4748,102.99899618076829
4749,102.99899618076829
4750,13.164172770644594
4751,13.164172770644594
4752,13.835379549418489
4753,13.835379549418489
4754,13.601960563853929
4755,13.601960563853929
4756,13.88416697437341
4757,13.88416697437341
4758,14.117585959937967
4759,14.117585959937967
4760,16.523592458878245
4761,16.523592458878245
4762,18.827839125198093
4763,18.827839125198093
4764,18.883023052116993
4765,18.883023052116993
4766,16.47806408992815
4767,16.47806408992815
4768,13.1380060757452
4769,13.1380060757452
4770,168.3624787254871
4771,168.3624787254871
4772,170.88403108541624
4773,170.88403108541624
4774,173.30226105013813
4775,173.30226105013813
4776,175.71114871825225
4777,175.71114871825225
4778,176.74481318682598
4779,176.74481318682598
4780,122.39198651120455
4781,122.39198651120455
4782,127.14412265048878
4783,127.14412265048878
4784,122.85372596858562
4785,122.85372596858562
4786,122.03383209487893
4787,122.03383209487893
4788,122.65112015261533
4789,122.65112015261533
4790,34.27943432219283
4791,34.27943432219283
4792,33.046499233913245
4793,33.046499233913245
4794,32.91369674596387
4795,32.91369674596387
4796,32.02893419182846
4797,32.02893419182846
4798,32.05405882591978
4799,32.05405882591978
4800,2.3335888266941818
4801,2.3335888266941818
4802,2.3335888266941818
4803,2.3335888266941818
4804,2.3335888266941818
4805,2.3335888266941818
4806,2.3335888266941818
4807,2.3335888266941818
4808,2.3335888266941818
4809,2.3335888266941818
4810,33.363030185418815
4811,33.363030185418815
4812,34.24463599347673
4813,34.24463599347673
4814,34.73905527664877
4815,34.73905527664877
4816,35.37921727462212
4817,35.37921727462212
4818,35.92820483263541
4819,35.92820483263541
4820,16.152022254199476
4821,16.152022254199476
4822,16.33605090568288
4823,16.33605090568288
4824,16.460557972182865
4825,16.460557972182865
4826,17.401653841371456
4827,17.401653841371456
4828,18.01657828849813
4829,18.01657828849813
4830,63.399744271660964
4831,63.399744271660964
4832,74.48359529013405
4833,74.48359529013405
4834,73.91044428076341
4835,73.91044428076341
4836,62.17770844734864
4837,62.17770844734864
4838,69.00274246427472
4839,69.00274246427472
4840,36.908203939305594
4841,36.908203939305594
4842,41.76102793469351
4843,41.76102793469351
4844,63.933064142985536
4845,63.933064142985536
4846,64.70369440459034
4847,64.70369440459034
4848,61.35991663212585
4849,61.35991663212585
4850,240.37869944453436
4851,240.37869944453436
4852,262.0646144134644
4853,262.0646144134644
4854,263.8835907730989
4855,263.8835907730989
4856,262.0646144134644
4857,262.0646144134644
4858,258.37135270818453
4859,258.37135270818453
4860,157.2194505210414
4861,157.2194505210414
4862,169.30124771745992
4863,169.30124771745992
4864,169.89026592785166
4865,169.89026592785166
4866,163.6425141528075
4867,163.6425141528075
4868,169.7907852683183
4869,169.7907852683183
4870,38.472496560309004
4871,38.472496560309004
4872,38.31756790357021
4873,38.31756790357021
4874,38.86219409341266
4875,38.86219409341266
4876,39.956465813312604
4877,39.956465813312604
4878,39.956465813312604
4879,39.956465813312604
4880,90.8667661520803
4881,90.8667661520803
4882,91.48200928749768
4883,91.48200928749768
4884,93.79244792553796
4885,93.79244792553796
4886,95.5229551765714
4887,95.5229551765714
4888,96.34288557129629
4889,96.34288557129629
4890,119.79063661263444
4891,119.79063661263444
4892,124.31225338293729
4893,124.31225338293729
4894,126.39764824224616
4895,126.39764824224616
4896,129.0350260225652
4897,129.0350260225652
4898,129.0350260225652
4899,129.0350260225652
4900,15.916626601081934
4901,15.916626601081934
4902,14.037302348046419
4903,14.037302348046419
4904,14.72302652649042
4905,14.72302652649042
4906,14.11132248800641
4907,14.11132248800641
4908,17.155772009919502
4909,17.155772009919502
4910,64.8068010023571
4911,64.8068010023571
4912,67.20299819172102
4913,67.20299819172102
4914,68.04354350305006
4915,68.04354350305006
4916,67.87692572589872
4917,67.87692572589872
4918,68.07330487983813
4919,68.07330487983813
4920,18.662782956869854
4921,18.662782956869854
4922,18.560560573073325
4923,18.560560573073325
4924,18.560560573073325
4925,18.560560573073325
4926,18.842998096388932
4927,18.842998096388932
4928,19.221092895212404
4929,19.221092895212404
4930,167.72103014552715
4931,167.72103014552715
4932,173.57844193868956
4933,173.57844193868956
4934,173.67326881019707
4935,173.67326881019707
4936,173.57844193868956
4937,173.57844193868956
4938,175.03839479189165
4939,175.03839479189165
4940,33.37159951109717
4941,33.37159951109717
4942,33.1434438119351
4943,33.1434438119351
4944,33.39916838935922
4945,33.39916838935922
4946,34.24690091193509
4947,34.24690091193509
4948,35.384862605188296
4949,35.384862605188296
4950,22.598351469638104
4951,22.598351469638104
4952,22.999575278305965
4953,22.999575278305965
4954,26.399953740803127
4955,26.399953740803127
4956,27.417564070345218
4957,27.417564070345218
4958,27.602755195873147
4959,27.602755195873147
4960,40.957655719493054
4961,40.957655719493054
4962,39.88393469150703
4963,39.88393469150703
4964,39.694678733533266
4965,39.694678733533266
4966,40.128953022148295
4967,40.128953022148295
4968,42.122498512999115
4969,42.122498512999115
4970,23.430369583064085
4971,23.430369583064085
4972,23.938176789871665
4973,23.938176789871665
4974,24.493032334310318
4975,24.493032334310318
4976,25.74251814303846
4977,25.74251814303846
4978,25.523527932987363
4979,25.523527932987363
4980,57.64715134570632
4981,57.64715134570632
4982,57.64715134570632
4983,57.64715134570632
4984,57.75455856328907
4985,57.75455856328907
4986,57.64715134570632
4987,57.64715134570632
4988,57.49090623022843
4989,57.49090623022843
4990,57.24453212780499
4991,57.24453212780499
4992,54.10071899269137
4993,54.10071899269137
4994,52.39102638639497
4995,52.39102638639497
4996,54.43115020591574
4997,54.43115020591574
4998,55.103878918731155
4999,55.103878918731155
5000,81.06353550985853
5001,81.06353550985853
5002,82.64113685398969
5003,82.64113685398969
5004,85.73482305207799
5005,85.73482305207799
5006,88.34722861793031
5007,88.34722861793031
5008,89.52864391257684
5009,89.52864391257684
5010,24.764396327862052
5011,24.764396327862052
5012,24.929084220053944
5013,24.929084220053944
5014,27.47816435442797
5015,27.47816435442797
5016,28.784832464618347
5017,28.784832464618347
5018,26.343430775059137
5019,26.343430775059137
5020,232.90157414796437
5021,233.1552689412234
5022,235.98468394203098
5023,235.98468394203098
5024,237.65989465579526
5025,237.65989465579526
5026,236.05491668007963
5027,236.05491668007963
5028,235.98468394203098
5029,235.98468394203098
5030,34.55718477185611
5031,34.55718477185611
5032,34.9418681251318
5033,34.9418681251318
5034,34.9418681251318
5035,34.9418681251318
5036,35.80831795316772
5037,35.80831795316772
5038,35.91572517075048
5039,35.91572517075048
5040,16.337262524743903
5041,16.337262524743903
5042,17.944876574302373
5043,17.944876574302373
5044,18.541944500496346
5045,18.541944500496346
5046,18.96814277096928
5047,18.96814277096928
5048,18.96814277096928
5049,18.96814277096928
5050,124.74642136696535
5051,124.74642136696535
5052,125.41282344170929
5053,125.41282344170929
5054,127.22429696691188
5055,127.22429696691188
5056,129.55740392001084
5057,129.55740392001084
5058,130.30710725252555
5059,130.30710725252555
5060,26.03208958471634
5061,26.03208958471634
5062,25.619390985106204
5063,25.619390985106204
5064,25.686160276700935
5065,25.686160276700935
5066,26.426605410180343
5067,26.426605410180343
5068,26.97553534567555
5069,26.97553534567555
5070,104.93884023741046
5071,104.93884023741046
5072,106.80447584415865
5073,106.80447584415865
5074,109.54637406369052
5075,109.54637406369052
5076,112.12318256966607
5077,112.12318256966607
5078,109.76302377412355
5079,109.76302377412355
5080,24.18631715727794
5081,24.18631715727794
5082,24.18631715727794
5083,24.18631715727794
5084,24.465246973211507
5085,24.465246973211507
5086,24.891360994375418
5087,24.891360994375418
5088,24.891360994375418
5089,24.891360994375418
5090,109.35343238955944
5091,109.35343238955944
5092,109.35343238955944
5093,109.35343238955944
5094,107.2894634053829
5095,107.2894634053829
5096,109.35343238955944
5097,109.35343238955944
5098,112.7634879093045
5099,112.7634879093045
5100,52.040310577405336
5101,52.040310577405336
5102,52.62229649434293
5103,52.62229649434293
5104,55.337343172358814
5105,55.337343172358814
5106,56.79048651428947
5107,56.79048651428947
5108,57.07244583808126
5109,57.07244583808126
5110,77.47686738560928
5111,77.75423181554406
5112,67.39896116970334
5113,67.39896116970334
5114,62.05681616073026
5115,62.05681616073026
5116,61.8164107785294
5117,61.8164107785294
5118,65.25751197961677
5119,65.25751197961677
5120,32.692944849554216
5121,32.692944849554216
5122,32.76754981392907
5123,32.76754981392907
5124,35.432881517968795
5125,35.432881517968795
5126,36.34083005269006
5127,36.34083005269006
5128,36.28796231862979
5129,36.28796231862979
5130,36.07514360079978
5131,36.07514360079978
5132,36.07514360079978
5133,36.07514360079978
5134,36.10255009541182
5135,36.10255009541182
5136,33.74090376231863
5137,33.74090376231863
5138,37.757330577289906
5139,37.757330577289906
5140,86.2210303695418
5141,86.2210303695418
5142,86.4947645063982
5143,86.4947645063982
5144,89.41031917563267
5145,89.41031917563267
5146,88.66869597263536
5147,88.66869597263536
5148,89.41031917563267
5149,89.41031917563267
5150,47.56148748347285
5151,47.56148748347285
5152,52.87390006982539
5153,52.87390006982539
5154,49.16512793218656
5155,49.16512793218656
5156,46.91391367213774
5157,46.91391367213774
5158,40.68518892499072
5159,40.68518892499072
5160,26.868790004942948
5161,26.868790004942948
5162,26.236491881132814
5163,26.236491881132814
5164,26.234439832663867
5165,26.234439832663867
5166,26.585467583247027
5167,26.585467583247027
5168,26.828493800604495
5169,26.828493800604495
5170,16.273120552602723
5171,16.273120552602723
5172,17.017258417341
5173,17.017258417341
5174,20.627017428513412
5175,20.627017428513412
5176,21.102773191503978
5177,21.102773191503978
5178,21.102773191503978
5179,21.102773191503978
5180,74.40941651570203
5181,74.40941651570203
5182,75.75656682459551
5183,75.75656682459551
5184,75.3083954079744
5185,75.3083954079744
5186,76.43049951899837
5187,76.43049951899837
5188,81.53939567487673
5189,81.53939567487673
5190,128.57359735766673
5191,128.57359735766673
5192,130.5727050470063
5193,130.5727050470063
5194,129.90266650787606
5195,129.90266650787606
5196,129.18065341885324
5197,129.18065341885324
5198,130.5727050470063
5199,130.5727050470063
5200,35.59329446449978
5201,35.59329446449978
5202,36.2513004643087
5203,36.2513004643087
5204,37.15595405587045
5205,37.15595405587045
5206,37.5074097671301
5207,37.5074097671301
5208,37.15595405587045
5209,37.15595405587045
5210,251.42066182287613
5211,251.42066182287613
5212,250.81900295989283
5213,250.81900295989283
5214,250.16563921780607
5215,250.16563921780607
5216,252.4762447422231
5217,252.4762447422231
5218,250.96521093118298
5219,250.96521093118298
5220,28.6751255001155
5221,28.6751255001155
5222,28.6751255001155
5223,28.6751255001155
5224,28.743946840179177
5225,28.743946840179177
5226,29.600949890733276
5227,29.600949890733276
5228,29.374264611672494
5229,29.374264611672494
5230,54.580243049699035
5231,54.580243049699035
5232,54.580243049699035
5233,54.580243049699035
5234,53.0539543051267
5235,53.0539543051267
5236,53.49439315291757
5237,53.49439315291757
5238,54.725844013041325
5239,54.725844013041325
5240,37.86850754740813
5241,37.86850754740813
5242,39.5325119259524
5243,39.5325119259524
5244,39.665314413901775
5245,39.665314413901775
5246,39.5325119259524
5247,39.5325119259524
5248,38.58428182705445
5249,38.58428182705445
5250,99.48866300447602
5251,99.48866300447602
5252,101.1636190971297
5253,101.1636190971297
5254,101.1636190971297
5255,101.1636190971297
5256,101.1636190971297
5257,101.1636190971297
5258,101.94144020362432
5259,101.94144020362432
5260,117.24406828207151
5261,117.24406828207151
5262,121.46297018983913
5263,121.46297018983913
5264,124.85711530903937
5265,124.85711530903937
5266,124.85711530903937
5267,124.85711530903937
5268,124.7823092923243
5269,124.7823092923243
5270,16.25534742409105
5271,16.25534742409105
5272,16.25534742409105
5273,16.25534742409105
5274,16.25534742409105
5275,16.25534742409105
5276,16.25534742409105
5277,16.25534742409105
5278,16.25534742409105
5279,16.25534742409105
5280,13.390041146361941
5281,13.390041146361941
5282,13.390041146361941
5283,13.390041146361941
5284,13.712493961434022
5285,13.712493961434022
5286,13.971838400846277
5287,13.971838400846277
5288,14.365952915780353
5289,14.365952915780353
5290,42.86932960754183
5291,42.86932960754183
5292,42.76683459523201
5293,42.76683459523201
5294,45.16541755162779
5295,45.16541755162779
5296,44.2458012323398
5297,44.2458012323398
5298,44.2458012323398
5299,44.2458012323398
5300,40.078203400403105
5301,40.078203400403105
5302,40.1871702780251
5303,40.1871702780251
5304,40.4356857304133
5305,40.4356857304133
5306,40.52371968701051
5307,40.52371968701051
5308,40.96150748021985
5309,40.96150748021985
5310,55.75055545825949
5311,55.75055545825949
5312,56.15534806558998
5313,56.15534806558998
5314,56.15534806558998
5315,56.15534806558998
5316,56.84540664720982
5317,56.84540664720982
5318,56.84540664720982
5319,56.84540664720982
5320,186.03538495182838
5321,186.2890797450874
5322,191.39489866589676
5323,191.39489866589676
5324,194.17186013038275
5325,194.17186013038275
5326,198.1408098792507
5327,197.84547788276305
5328,197.84547788276305
5329,197.84547788276305
5330,29.618958481175536
5331,29.618958481175536
5332,30.126330297707103
5333,30.126330297707103
5334,30.784443148282868
5335,30.784443148282868
5336,30.927945265750726
5337,30.927945265750726
5338,31.839849396600705
5339,31.839849396600705
5340,52.162544265224724
5341,52.162544265224724
5342,52.10470556111964
5343,52.10470556111964
5344,52.51511181181695
5345,52.51511181181695
5346,52.171505633190655
5347,52.171505633190655
5348,53.73894367325973
5349,53.73894367325973
5350,46.13258720247477
5351,46.13258720247477
5352,46.34857027843632
5353,46.34857027843632
5354,46.785731039267766
5355,46.785731039267766
5356,47.200481687346866
5357,47.200481687346866
5358,47.577083333747304
5359,47.577083333747304
5360,111.66368461449602
5361,111.66368461449602
5362,116.36007859112529
5363,116.36007859112529
5364,111.66368461449602
5365,111.66368461449602
5366,108.19347491852123
5367,108.19347491852123
5368,108.19347491852123
5369,108.19347491852123
5370,106.37688749327789
5371,106.37688749327789
5372,107.68569262220947
5373,107.68569262220947
5374,107.70987566430856
5375,107.70987566430856
5376,107.90725224054884
5377,107.90725224054884
5378,107.6824691696965
5379,107.6824691696965
5380,20.904939102427424
5381,20.904939102427424
5382,21.60043877139687
5383,21.60043877139687
5384,21.79701958191493
5385,21.79701958191493
5386,22.05838273090935
5387,22.05838273090935
5388,23.40027303925606
5389,23.40027303925606
5390,41.785446627476134
5391,41.785446627476134
5392,41.977699881798245
5393,41.977699881798245
5394,42.3560590626039
5395,42.3560590626039
5396,42.3560590626039
5397,42.3560590626039
5398,42.3560590626039
5399,42.3560590626039
5400,15.533933166132032
5401,15.533933166132032
5402,16.140805248558994
5403,16.140805248558994
5404,16.51969718738139
5405,16.51969718738139
5406,16.51969718738139
5407,16.51969718738139
5408,16.51969718738139
5409,16.51969718738139
5410,69.36535921637203
5411,69.36535921637203
5412,71.11981329001345
5413,71.11981329001345
5414,71.32953164434285
5415,71.32953164434285
5416,71.32953164434285
5417,71.32953164434285
5418,71.11981329001345
5419,71.11981329001345
5420,32.753171303406255
5421,32.753171303406255
5422,35.043131441290654
5423,35.043131441290654
5424,35.64081910829009
5425,35.64081910829009
5426,33.40993734125711
5427,33.40993734125711
5428,33.648028094685095
5429,33.648028094685095
5430,24.509656127361346
5431,24.509656127361346
5432,24.676576110869412
5433,24.676576110869412
5434,26.27814657247973
5435,26.27814657247973
5436,27.629167553130678
5437,27.629167553130678
5438,27.49387514069921
5439,27.49387514069921
5440,64.17039773853277
5441,64.17039773853277
5442,66.90786729414579
5443,66.90786729414579
5444,69.34325812579426
5445,69.34325812579426
5446,70.66548578937567
5447,70.66548578937567
5448,72.15857815287632
5449,72.15857815287632
5450,23.711187598486806
5451,23.711187598486806
5452,24.25286475301204
5453,24.25286475301204
5454,25.43463656966548
5455,25.43463656966548
5456,25.71551264872299
5457,25.71551264872299
5458,25.43463656966548
5459,25.43463656966548
5460,60.04124489254969
5461,60.04124489254969
5462,61.727965298114164
5463,61.727965298114164
5464,64.04561403687805
5465,64.04561403687805
5466,64.04561403687805
5467,64.04561403687805
5468,64.04561403687805
5469,64.04561403687805
5470,48.844938408797795
5471,48.844938408797795
5472,49.58757013997835
5473,49.58757013997835
5474,49.90602398182966
5475,49.90602398182966
5476,50.73144572359178
5477,50.73144572359178
5478,51.395707431883864
5479,51.395707431883864
5480,61.495602729591894
5481,61.495602729591894
5482,61.495602729591894
5483,61.495602729591894
5484,59.19913294829075
5485,59.19913294829075
5486,59.83812633647644
5487,59.83812633647644
5488,61.495602729591894
5489,61.495602729591894
5490,83.90796787934538
5491,83.90796787934538
5492,84.499768430812
5493,84.499768430812
5494,83.36248124684839
5495,83.36248124684839
5496,83.16639072469492
5497,83.16639072469492
5498,83.86121577909091
5499,83.86121577909091
5500,26.731121360877363
5501,26.731121360877363
5502,25.88998121463957
5503,25.88998121463957
5504,25.88998121463957
5505,25.88998121463957
5506,27.120856864438533
5507,27.120856864438533
5508,27.007587090700472
5509,27.007587090700472
5510,18.143588284369056
5511,18.143588284369056
5512,18.927414395182595
5513,18.927414395182595
5514,21.748275123080916
5515,21.748275123080916
5516,22.405432916154876
5517,22.405432916154876
5518,22.405432916154876
5519,22.405432916154876
5520,2.3335888266941818
5521,2.3335888266941818
5522,2.3335888266941818
5523,2.3335888266941818
5524,2.3335888266941818
5525,2.3335888266941818
5526,2.3335888266941818
5527,2.3335888266941818
5528,2.3335888266941818
5529,2.3335888266941818
5530,199.60427304422484
5531,199.60427304422484
5532,198.4225584804909
5533,198.4225584804909
5534,193.7911645818586
5535,193.7911645818586
5536,192.86319503264315
5537,192.86319503264315
5538,193.26341221481394
5539,193.26341221481394
5540,89.96068191099428
5541,89.96068191099428
5542,92.14093014300316
5543,92.14093014300316
5544,91.81441940388564
5545,91.81441940388564
5546,94.47895552914083
5547,94.47895552914083
5548,95.63812654132566
5549,95.63812654132566
5550,21.30570597027202
5551,21.30570597027202
5552,22.510234588131247
5553,22.510234588131247
5554,24.5507644672268
5555,24.5507644672268
5556,23.797969310142033
5557,23.797969310142033
5558,21.579670185731626
5559,21.579670185731626
5560,47.21725277772754
5561,47.21725277772754
5562,49.79065861815393
5563,49.79065861815393
5564,50.57249598331866
5565,50.57249598331866
5566,49.79065861815393
5567,49.79065861815393
5568,49.79065861815393
5569,49.79065861815393
5570,100.70281576020629
5571,100.70281576020629
5572,101.18655577648038
5573,101.18655577648038
5574,99.59302299838338
5575,99.59302299838338
5576,99.59302299838338
5577,99.59302299838338
5578,100.49640218059615
5579,100.49640218059615
5580,126.13590475188984
5581,126.13590475188984
5582,125.01180192350483
5583,125.01180192350483
5584,126.13590475188984
5585,126.13590475188984
5586,129.50344471247885
5587,129.50344471247885
5588,132.5323425751683
5589,132.5323425751683
5590,194.41074115928583
5591,194.41074115928583
5592,191.4074647404049
5593,191.4074647404049
5594,199.7287465770376
5595,199.7287465770376
5596,196.4739728401481
5597,196.4739728401481
5598,198.48355850933766
5599,198.48355850933766
5600,10.953825439806904
5601,10.953825439806904
5602,11.030212889896367
5603,11.030212889896367
5604,11.491730883668184
5605,11.491730883668184
5606,12.67965955214928
5607,12.67965955214928
5608,13.326909778764072
5609,13.326909778764072
5610,77.58998206118852
5611,77.58998206118852
5612,79.84224015782135
5613,79.84224015782135
5614,79.23895391305285
5615,79.23895391305285
5616,77.24134361211003
5617,77.24134361211003
5618,77.58998206118852
5619,77.58998206118852
5620,157.79488107854652
5621,157.79488107854652
5622,159.5061709157354
5623,159.5061709157354
5624,157.12590909672633
5625,157.12590909672633
5626,160.97579247575914
5627,160.97579247575914
5628,161.47569989570795
5629,161.47569989570795
5630,16.01786061190593
5631,16.01786061190593
5632,15.688944259496163
5633,15.688944259496163
5634,16.01786061190593
5635,16.01786061190593
5636,15.688944259496163
5637,15.688944259496163
5638,15.8630648497055
5639,15.8630648497055
5640,17.28891298372374
5641,17.28891298372374
5642,19.037708597730116
5643,19.037708597730116
5644,21.82209684574251
5645,21.82209684574251
5646,23.251607997400217
5647,23.251607997400217
5648,23.76982568084569
5649,23.76982568084569
5650,27.405707925482126
5651,27.405707925482126
5652,27.42469016722447
5653,27.42469016722447
5654,27.600426336441195
5655,27.600426336441195
5656,28.20907892230898
5657,28.20907892230898
5658,28.61944206442258
5659,28.61944206442258
5660,71.75928260904512
5661,71.75928260904512
5662,75.56241979536766
5663,75.56241979536766
5664,77.26754170517108
5665,77.26754170517108
5666,77.26754170517108
5667,77.26754170517108
5668,77.50592313164539
5669,77.50592313164539
5670,15.357558654710976
5671,15.357558654710976
5672,16.078432261320483
5673,16.078432261320483
5674,16.463110733551357
5675,16.463110733551357
5676,16.570387529117824
5677,16.570387529117824
5678,16.570387529117824
5679,16.570387529117824
5680,13.78429122538169
5681,13.78429122538169
5682,14.083167848654934
5683,14.083167848654934
5684,14.611829702974202
5685,14.611829702974202
5686,15.118044879309267
5687,15.118044879309267
5688,15.206078835906482
5689,15.206078835906482
5690,36.603845684228965
5691,36.603845684228965
5692,36.63133962708782
5693,36.63133962708782
5694,36.74402633164788
5695,36.74402633164788
5696,37.11512288303016
5697,37.11512288303016
5698,37.1510712808058
5699,37.1510712808058
5700,108.24910305492742
5701,108.24910305492742
5702,106.52315062723304
5703,106.52315062723304
5704,109.9250201762016
5705,109.9250201762016
5706,108.4887407888053
5707,108.4887407888053
5708,106.52315062723304
5709,106.52315062723304
5710,49.781664827182105
5711,49.781664827182105
5712,52.357197719711415
5713,52.357197719711415
5714,52.69791633970396
5715,52.69791633970396
5716,53.08815730989695
5717,53.08815730989695
5718,53.08815730989695
5719,53.08815730989695
5720,19.61619016018584
5721,19.61619016018584
5722,17.5298197084946
5723,17.5298197084946
5724,17.868857721394352
5725,17.868857721394352
5726,19.299075983021517
5727,19.299075983021517
5728,19.481214064341042
5729,19.481214064341042
5730,131.72925875707634
5731,131.72925875707634
5732,131.39518021110857
5733,131.39518021110857
5734,127.33843461531056
5735,127.33843461531056
5736,129.94660318321016
5737,129.94660318321016
5738,131.39518021110857
5739,131.39518021110857
5740,127.33478605727211
5741,127.33478605727211
5742,123.35224831987607
5743,123.35224831987607
5744,130.38297114183248
5745,130.38297114183248
5746,147.25075244972825
5747,147.25075244972825
5748,152.85052902129823
5749,152.85052902129823
5750,182.57765905889684
5751,182.57765905889684
5752,183.52626206960798
5753,183.52626206960798
5754,186.12575058613555
5755,186.12575058613555
5756,186.80991895121565
5757,186.80991895121565
5758,189.04758722484038
5759,189.04758722484038
5760,72.11762583506508
5761,72.11762583506508
5762,73.85758736010304
5763,73.85758736010304
5764,75.26397927438349
5765,75.26397927438349
5766,75.26397927438349
5767,75.26397927438349
5768,74.66277864070167
5769,74.66277864070167
5770,22.433489191115342
5771,22.433489191115342
5772,25.005182741620636
5773,25.005182741620636
5774,25.738624126585723
5775,25.738624126585723
5776,28.03952190142024
5777,28.03952190142024
5778,27.39296155423315
5779,27.39296155423315
5780,66.78273219223674
5781,66.78273219223674
5782,69.2206729956923
5783,69.2206729956923
5784,72.03754893001589
5785,72.03754893001589
5786,72.68770765965287
5787,72.68770765965287
5788,73.92193538019912
5789,73.92193538019912
5790,29.452465384162053
5791,29.452465384162053
5792,29.163714632824156
5793,29.163714632824156
5794,28.845600567742682
5795,28.845600567742682
5796,28.845600567742682
5797,28.845600567742682
5798,30.155694674754525
5799,30.155694674754525
5800,72.02474136830115
5801,72.02474136830115
5802,73.5928197695784
5803,73.5928197695784
5804,76.3906687534287
5805,76.3906687534287
5806,77.3552942118326
5807,77.3552942118326
5808,78.49660812860985
5809,78.49660812860985
5810,76.88756696256651
5811,76.88756696256651
5812,77.28571537409165
5813,77.28571537409165
5814,75.62734212608699
5815,75.62734212608699
5816,66.72926821185003
5817,66.72926821185003
5818,73.31347556664949
5819,73.31347556664949
5820,77.30634917506245
5821,77.30634917506245
5822,72.63308771903073
5823,72.63308771903073
5824,71.13543997601539
5825,71.13543997601539
5826,75.10347339077909
5827,75.10347339077909
5828,75.75470692655537
5829,75.75470692655537
5830,11.767594395785691
5831,11.767594395785691
5832,12.993521135892864
5833,12.993521135892864
5834,11.538623347271582
5835,11.538623347271582
5836,9.285462435012196
5837,9.285462435012196
5838,7.729892739340023
5839,7.729892739340023
5840,44.72761826019767
5841,44.72761826019767
5842,44.4036282519724
5843,44.4036282519724
5844,41.77688470578418
5845,41.77688470578418
5846,42.32949530344942
5847,42.32949530344942
5848,42.374580785404994
5849,42.374580785404994
5850,16.815999475687224
5851,16.815999475687224
5852,16.815999475687224
5853,16.815999475687224
5854,16.907399479424075
5855,16.907399479424075
5856,17.6215483574175
5857,17.6215483574175
5858,17.30980822913924
5859,17.30980822913924
5860,72.11790392746995
5861,72.11790392746995
5862,72.99439713691535
5863,72.99439713691535
5864,74.71289292059676
5865,74.71289292059676
5866,75.80603205610598
5867,75.80603205610598
5868,76.02020867733782
5869,76.02020867733782
5870,39.60010677323677
5871,39.60010677323677
5872,39.60010677323677
5873,39.60010677323677
5874,38.21795828721214
5875,38.21795828721214
5876,40.31184668241265
5877,40.31184668241265
5878,42.01050729128744
5879,42.01050729128744
5880,74.38927626567626
5881,74.38927626567626
5882,75.5570473321999
5883,75.5570473321999
5884,75.28825515794863
5885,75.28825515794863
5886,75.87598648053581
5887,75.87598648053581
5888,80.98488263641417
5889,80.98488263641417
5890,65.58182285976847
5891,65.58182285976847
5892,68.83746314438581
5893,68.83746314438581
5894,69.14358156264461
5895,69.14358156264461
5896,69.14358156264461
5897,69.14358156264461
5898,70.6807315618914
5899,70.6807315618914
5900,62.90864260665141
5901,62.90864260665141
5902,69.76579318360325
5903,69.76579318360325
5904,72.05029892689099
5905,72.05029892689099
5906,72.3041212866139
5907,72.3041212866139
5908,76.2632207441979
5909,76.2632207441979
5910,111.07024396298736
5911,111.07024396298736
5912,117.06975730482148
5913,117.06975730482148
5914,124.62333339053438
5915,124.62333339053438
5916,126.48181105795501
5917,126.18647906146737
5918,126.71650241502043
5919,126.71650241502043
5920,12.362685888033589
5921,12.362685888033589
5922,12.362685888033589
5923,12.362685888033589
5924,12.362685888033589
5925,12.362685888033589
5926,12.362685888033589
5927,12.362685888033589
5928,12.439073338123052
5929,12.439073338123052
5930,8.097132891850775
5931,8.097132891850775
5932,8.046368155253468
5933,8.046368155253468
5934,7.858488500853145
5935,7.858488500853145
5936,7.934875950942608
5937,7.934875950942608
5938,8.046368155253468
5939,8.046368155253468
5940,111.34068689695812
5941,111.34068689695812
5942,113.77993245631876
5943,113.77993245631876
5944,113.77993245631876
5945,113.77993245631876
5946,113.67447960302752
5947,113.67447960302752
5948,113.77993245631876
5949,113.77993245631876
5950,26.342239248814906
5951,26.342239248814906
5952,26.352227039635512
5953,26.352227039635512
5954,26.352227039635512
5955,26.352227039635512
5956,26.352227039635512
5957,26.352227039635512
5958,28.00562228724431
5959,28.00562228724431
5960,187.58379184382954
5961,187.58379184382954
5962,191.3908189213262
5963,191.3908189213262
5964,192.51878428984
5965,192.51878428984
5966,191.3908189213262
5967,191.3908189213262
5968,193.56730499552887
5969,193.56730499552887
5970,2.3335888266941818
5971,2.3335888266941818
5972,2.3335888266941818
5973,2.3335888266941818
5974,2.3335888266941818
5975,2.3335888266941818
5976,2.3335888266941818
5977,2.3335888266941818
5978,2.3335888266941818
5979,2.3335888266941818
5980,25.900218291469972
5981,25.900218291469972
5982,25.900218291469972
5983,25.900218291469972
5984,25.900218291469972
5985,25.900218291469972
5986,26.524075761532355
5987,26.524075761532355
5988,26.922265658220073
5989,26.922265658220073
5990,16.30714152644669
5991,16.30714152644669
5992,16.30714152644669
5993,16.30714152644669
5994,15.968333044045453
5995,15.968333044045453
5996,16.30714152644669
5997,16.30714152644669
5998,16.30714152644669
5999,16.30714152644669
6000,53.11891170124609
6001,53.11891170124609
6002,54.06925879028518
6003,54.06925879028518
6004,55.281272751795846
6005,55.281272751795846
6006,55.69614613124616
6007,55.69614613124616
6008,56.05406162809788
6009,56.05406162809788
6010,15.84965947830359
6011,15.84965947830359
6012,16.011916419211754
6013,16.011916419211754
6014,16.472999835399765
6015,16.472999835399765
6016,17.010485117104317
6017,17.010485117104317
6018,17.130273174695336
6019,17.130273174695336
6020,31.61428884584127
6021,31.61428884584127
6022,33.18451541708967
6023,33.18451541708967
6024,34.13019183411109
6025,34.13019183411109
6026,35.0530535453862
6027,35.0530535453862
6028,36.28490233450033
6029,36.28490233450033
6030,48.990087788536975
6031,48.990087788536975
6032,50.16186438830699
6033,50.16186438830699
6034,49.15107405241054
6035,49.15107405241054
6036,48.59280606259519
6037,48.59280606259519
6038,48.990087788536975
6039,48.990087788536975
6040,38.999770888103924
6041,38.999770888103924
6042,42.697933114252905
6043,42.697933114252905
6044,44.63495321757263
6045,44.63495321757263
6046,44.57631935854583
6047,44.57631935854583
6048,44.63495321757263
6049,44.63495321757263
6050,14.383304882991746
6051,14.383304882991746
6052,14.383304882991746
6053,14.383304882991746
6054,14.628882591362512
6055,14.628882591362512
6056,15.150250822330502
6057,15.150250822330502
6058,15.150250822330502
6059,15.150250822330502
6060,76.91138464123117
6061,76.91138464123117
6062,79.32175137038872
6063,79.32175137038872
6064,81.08893511587438
6065,81.08893511587438
6066,81.42198525661229
6067,81.42198525661229
6068,81.42198525661229
6069,81.42198525661229
6070,156.43383091202054
6071,156.43383091202054
6072,162.82959134293404
6073,162.82959134293404
6074,164.38963845749112
6075,164.38963845749112
6076,167.1971176258944
6077,166.90178562940676
6078,166.90178562940676
6079,166.90178562940676
6080,14.21585949852523
6081,14.21585949852523
6082,14.70115948070006
6083,14.70115948070006
6084,15.543747728452354
6085,15.543747728452354
6086,16.131655214869827
6087,16.131655214869827
6088,16.239062432452577
6089,16.239062432452577
6090,71.08472015666564
6091,71.08472015666564
6092,73.63683196602004
6093,73.63683196602004
6094,75.92010222329499
6095,75.92010222329499
6096,76.74078648359577
6097,76.74078648359577
6098,79.11111443207791
6099,79.11111443207791
6100,161.23026215040957
6101,161.4839569436686
6102,163.25833466063338
6103,163.25833466063338
6104,162.60278763585265
6105,162.60278763585265
6106,167.36605416616158
6107,167.36605416616158
6108,175.70060423966783
6109,175.70060423966783
6110,85.99589460811748
6111,85.99589460811748
6112,94.11385823791571
6113,94.11385823791571
6114,126.11557959513691
6115,126.11557959513691
6116,131.90272161462218
6117,131.90272161462218
6118,126.21724557854047
6119,126.21724557854047
6120,28.970135533000548
6121,28.970135533000548
6122,31.26049310306649
6123,31.26049310306649
6124,31.625570308774524
6125,31.625570308774524
6126,32.4400134442081
6127,32.4400134442081
6128,33.03770111120753
6129,33.03770111120753
6130,29.690894092972776
6131,29.690894092972776
6132,31.385306318236573
6133,31.385306318236573
6134,29.301850197343825
6135,29.301850197343825
6136,28.92306899216645
6137,28.92306899216645
6138,29.690894092972776
6139,29.690894092972776
6140,99.20964526899712
6141,99.20964526899712
6142,93.09559013664962
6143,93.09559013664962
6144,87.50939022544037
6145,87.50939022544037
6146,89.04416783413038
6147,89.04416783413038
6148,93.84009485081812
6149,93.84009485081812
6150,31.789156775099613
6151,31.789156775099613
6152,31.789156775099613
6153,31.789156775099613
6154,32.52131032584046
6155,32.52131032584046
6156,32.70977113504968
6157,32.70977113504968
6158,33.05344584281848
6159,33.05344584281848
6160,12.180381351752578
6161,12.180381351752578
6162,12.46884713813896
6163,12.46884713813896
6164,11.147674517687324
6165,11.147674517687324
6166,11.166546633357758
6167,11.166546633357758
6168,11.07220846350097
6169,11.07220846350097
6170,110.28968011982334
6171,110.28968011982334
6172,110.86625636784194
6173,110.86625636784194
6174,116.73721763000074
6175,116.73721763000074
6176,118.482446808505
6177,118.482446808505
6178,118.482446808505
6179,118.482446808505
6180,41.76987377275653
6181,41.76987377275653
6182,39.90020761820908
6183,39.90020761820908
6184,37.91682505281843
6185,37.91682505281843
6186,38.644203249745885
6187,38.644203249745885
6188,42.16140782210082
6189,42.16140782210082
6190,96.56590181433907
6191,96.56590181433907
6192,101.26645760869684
6193,101.26645760869684
6194,106.20948353829736
6195,106.20948353829736
6196,106.88475981706395
6197,106.88475981706395
6198,108.00985935651315
6199,108.00985935651315
6200,18.376522156722594
6201,18.376522156722594
6202,19.432386988898283
6203,19.432386988898283
6204,20.259999109062555
6205,20.259999109062555
6206,20.787205252799584
6207,20.787205252799584
6208,20.996912212381158
6209,20.996912212381158
6210,61.70468647856442
6211,61.70468647856442
6212,59.98115619240529
6213,59.98115619240529
6214,60.40871997967075
6215,60.40871997967075
6216,66.51185557349537
6217,66.51185557349537
6218,66.77044843712046
6219,66.77044843712046
6220,70.64938654962728
6221,70.64938654962728
6222,72.76698888539259
6223,72.76698888539259
6224,78.04427922034394
6225,78.04427922034394
6226,78.04427922034394
6227,78.04427922034394
6228,77.01119413847128
6229,77.01119413847128
6230,6.195951232752795
6231,6.195951232752795
6232,6.704737208065665
6233,6.704737208065665
6234,7.042208287129108
6235,7.042208287129108
6236,6.411403861541993
6237,6.411403861541993
6238,6.4943524589968025
6239,6.4943524589968025
6240,219.6878646706113
6241,219.6878646706113
6242,220.43780632481165
6243,220.43780632481165
6244,220.0479109868687
6245,220.0479109868687
6246,217.58840599619305
6247,217.58840599619305
6248,219.6777204679181
6249,219.6777204679181
6250,93.48979982923555
6251,93.48979982923555
6252,93.18636491359095
6253,93.18636491359095
6254,92.61214112356257
6255,92.61214112356257
6256,93.10368564369075
6257,93.10368564369075
6258,94.01995878224709
6259,94.01995878224709
6260,89.29056124733944
6261,89.29056124733944
6262,90.26169296743069
6263,90.26169296743069
6264,89.9087804164482
6265,89.9087804164482
6266,89.66477525953215
6267,89.66477525953215
6268,90.29364935165823
6269,90.29364935165823
6270,54.60824656217317
6271,54.60824656217317
6272,55.226009573524586
6273,55.226009573524586
6274,54.174031106846485
6275,54.174031106846485
6276,52.57558555520657
6277,52.57558555520657
6278,55.226009573524586
6279,55.226009573524586
6280,34.56379631717836
6281,34.56379631717836
6282,35.01846126942468
6283,35.01846126942468
6284,35.82211245847251
6285,35.82211245847251
6286,36.85817003957318
6287,36.85817003957318
6288,36.75076282199043
6289,36.75076282199043
6290,20.899515709819365
6291,20.899515709819365
6292,21.197325365404794
6293,21.197325365404794
6294,21.7679079796539
6295,21.7679079796539
6296,22.193092760855702
6297,22.193092760855702
6298,22.193092760855702
6299,22.193092760855702
6300,163.65434097615258
6301,163.65434097615258
6302,167.60853111801651
6303,167.60853111801651
6304,168.5172856254572
6305,168.5172856254572
6306,168.23367220539407
6307,168.23367220539407
6308,171.26161812142922
6309,171.26161812142922
6310,88.74320045282413
6311,88.74320045282413
6312,89.42497929743595
6313,89.42497929743595
6314,89.7855609347036
6315,89.7855609347036
6316,94.85447274866172
6317,94.85447274866172
6318,95.71601343922374
6319,95.71601343922374
6320,29.973090577954597
6321,29.973090577954597
6322,30.969635882404575
6323,30.969635882404575
6324,31.506145887295546
6325,31.506145887295546
6326,32.51757173218251
6327,32.51757173218251
6328,32.992807429788286
6329,32.992807429788286
6330,11.917657023138483
6331,11.917657023138483
6332,12.490725310729141
6333,12.490725310729141
6334,12.585381857949498
6335,12.585381857949498
6336,12.610733459941658
6337,12.610733459941658
6338,12.27192497754041
6339,12.27192497754041
6340,6.665728522800282
6341,6.665728522800282
6342,6.665728522800282
6343,6.665728522800282
6344,6.665728522800282
6345,6.665728522800282
6346,6.665728522800282
6347,6.665728522800282
6348,6.665728522800282
6349,6.665728522800282
6350,31.66981633178339
6351,31.66981633178339
6352,32.23805845293448
6353,32.23805845293448
6354,35.635139978323735
6355,35.635139978323735
6356,38.40090370490983
6357,38.40090370490983
6358,38.92488079261866
6359,38.92488079261866
6360,111.06833518538907
6361,111.06833518538907
6362,113.47070637707397
6363,113.47070637707397
6364,113.98665288780052
6365,113.98665288780052
6366,114.59712044819736
6367,114.59712044819736
6368,114.99368489306512
6369,114.99368489306512
6370,6.730167985780803
6371,6.730167985780803
6372,6.730167985780803
6373,6.730167985780803
6374,6.730167985780803
6375,6.730167985780803
6376,6.730167985780803
6377,6.730167985780803
6378,6.730167985780803
6379,6.730167985780803
6380,57.732570246754086
6381,57.732570246754086
6382,62.15674044882013
6383,62.15674044882013
6384,66.21740746034139
6385,66.21740746034139
6386,66.86759495749551
6387,66.86759495749551
6388,68.07680758669646
6389,68.07680758669646
6390,19.099316493404285
6391,19.099316493404285
6392,19.409425669413842
6393,19.409425669413842
6394,19.934184578885883
6395,19.934184578885883
6396,20.94382406624998
6397,20.94382406624998
6398,21.670146403526854
6399,21.670146403526854
6400,2.5888352604896525
6401,2.5888352604896525
6402,2.5888352604896525
6403,2.5888352604896525
6404,2.5888352604896525
6405,2.5888352604896525
6406,2.5888352604896525
6407,2.5888352604896525
6408,2.5888352604896525
6409,2.5888352604896525
6410,11.386612415389072
6411,11.386612415389072
6412,11.386612415389072
6413,11.386612415389072
6414,11.847937073735961
6415,11.847937073735961
6416,11.847937073735961
6417,11.847937073735961
6418,11.847937073735961
6419,11.847937073735961
6420,6.7204584116232615
6421,6.7204584116232615
6422,7.173369224107034
6423,7.173369224107034
6424,7.508012840682375
6425,7.508012840682375
6426,7.025434649169319
6427,7.025434649169319
6428,8.293898512885846
6429,8.293898512885846
6430,69.41108477806365
6431,69.41108477806365
6432,69.78049190749101
6433,69.78049190749101
6434,69.10510455122203
6435,69.10510455122203
6436,70.07088351556541
6437,70.07088351556541
6438,72.70419022797819
6439,72.70419022797819
6440,84.41034196178633
6441,84.41034196178633
6442,87.57334580164033
6443,87.57334580164033
6444,88.1342346587771
6445,88.1342346587771
6446,89.33136628802883
6447,89.33136628802883
6448,90.06832205988377
6449,90.06832205988377
6450,63.35306028366807
6451,63.35306028366807
6452,63.05051417946915
6453,63.05051417946915
6454,63.299480651170995
6455,63.299480651170995
6456,64.02758839332192
6457,64.02758839332192
6458,64.02758839332192
6459,64.02758839332192
6460,47.60034841228084
6461,47.60034841228084
6462,47.60034841228084
6463,47.60034841228084
6464,46.960186414307486
6465,46.960186414307486
6466,47.60034841228084
6467,47.60034841228084
6468,45.054373882036245
6469,45.054373882036245
6470,48.56575862223159
6471,48.56575862223159
6472,48.56575862223159
6473,48.56575862223159
6474,48.56575862223159
6475,48.56575862223159
6476,48.73057727307896
6477,48.73057727307896
6478,48.865757281823534
6479,48.865757281823534
6480,124.3314017103118
6481,124.3314017103118
6482,126.11831569453523
6483,126.11831569453523
6484,127.5344678024114
6485,127.5344678024114
6486,127.39370234771376
6487,127.39370234771376
6488,127.36439097487555
6489,127.36439097487555
6490,55.30118646085635
6491,55.30118646085635
6492,55.30118646085635
6493,55.30118646085635
6494,55.742865195468276
6495,55.742865195468276
6496,55.978057604890466
6497,55.978057604890466
6498,56.02076081396784
6499,56.02076081396784
6500,57.801765065071415
6501,57.801765065071415
6502,57.801765065071415
6503,57.801765065071415
6504,57.0384555128488
6505,57.0384555128488
6506,55.58567022850291
6507,55.58567022850291
6508,57.234716153477386
6509,57.234716153477386
6510,41.061000340465554
6511,41.061000340465554
6512,41.21664612394462
6513,41.21664612394462
6514,42.861930792344246
6515,42.861930792344246
6516,42.927944053568815
6517,42.927944053568815
6518,43.57647935295638
6519,43.57647935295638
6520,60.93730110824503
6521,60.93730110824503
6522,61.2845020909388
6523,61.2845020909388
6524,61.75448242733762
6525,61.75448242733762
6526,60.729791020685354
6527,60.729791020685354
6528,61.75448242733762
6529,61.75448242733762
6530,38.388528926241946
6531,38.388528926241946
6532,38.708970661152065
6533,38.708970661152065
6534,39.525613164262076
6535,39.525613164262076
6536,40.8178230262162
6537,40.8178230262162
6538,40.976981442033924
6539,40.976981442033924
6540,36.95869722137163
6541,36.95869722137163
6542,41.278876560873236
6543,41.278876560873236
6544,39.05686933186031
6545,39.05686933186031
6546,35.29978222458994
6547,35.29978222458994
6548,36.67482202920426
6549,36.67482202920426
6550,26.149962345944456
6551,26.149962345944456
6552,26.149962345944456
6553,26.149962345944456
6554,25.997061773167662
6555,25.997061773167662
6556,25.997061773167662
6557,25.997061773167662
6558,27.24246676863649
6559,27.24246676863649
6560,134.36973637865987
6561,134.36973637865987
6562,139.5568125967618
6563,139.5568125967618
6564,139.63534818351556
6565,139.63534818351556
6566,139.5568125967618
6567,139.5568125967618
6568,140.44212795013985
6569,140.44212795013985
6570,51.234247747050034
6571,51.234247747050034
6572,51.0908214426115
6573,51.0908214426115
6574,51.002787486014284
6575,51.002787486014284
6576,52.10094164518243
6577,52.10094164518243
6578,54.57152355151803
6579,54.57152355151803
6580,19.24261265192713
6581,19.24261265192713
6582,19.467997530070097
6583,19.467997530070097
6584,20.79157531228381
6585,20.79157531228381
6586,21.31403827410293
6587,21.31403827410293
6588,21.345994658330472
6589,21.345994658330472
6590,27.13896088980524
6591,27.13896088980524
6592,28.09325194090069
6593,28.09325194090069
6594,28.97765329227465
6595,28.97765329227465
6596,29.60334035017478
6597,29.60334035017478
6598,29.994709180947275
6599,29.994709180947275
6600,63.39665495921282
6601,63.39665495921282
6602,66.34041395544733
6603,66.34041395544733
6604,66.29715861513351
6605,66.29715861513351
6606,66.34041395544733
6607,66.34041395544733
6608,66.03429553718853
6609,66.03429553718853
6610,14.806480822378191
6611,14.806480822378191
6612,15.022463898339748
6613,15.022463898339748
6614,15.856190099341006
6615,15.856190099341006
6616,15.787368759277328
6617,15.787368759277328
6618,15.787368759277328
6619,15.787368759277328
6620,116.52812738011959
6621,116.52812738011959
6622,118.47845519685872
6623,118.47845519685872
6624,119.66620072830585
6625,119.66620072830585
6626,119.8545953347764
6627,119.8545953347764
6628,119.64949419861055
6629,119.64949419861055
6630,133.65261685998038
6631,133.65261685998038
6632,134.8718166865012
6633,134.8718166865012
6634,136.59047122008482
6635,136.59047122008482
6636,141.04847455713977
6637,141.04847455713977
6638,142.5582583255495
6639,142.5582583255495
6640,23.71230627896606
6641,23.71230627896606
6642,25.174392132110317
6643,25.174392132110317
6644,26.15735244407473
6645,26.15735244407473
6646,26.548093889216748
6647,26.548093889216748
6648,27.257034119891824
6649,27.257034119891824
6650,80.30908133677372
6651,80.30908133677372
6652,83.66482592965201
6653,83.66482592965201
6654,84.4534887466715
6655,84.4534887466715
6656,88.31146519101513
6657,88.31146519101513
6658,89.74430746228401
6659,89.74430746228401
6660,51.18086186371963
6661,51.18086186371963
6662,53.41038392633707
6663,53.41038392633707
6664,51.25591646747253
6665,51.25591646747253
6666,45.79536746259508
6667,45.79536746259508
6668,51.25591646747253
6669,51.25591646747253
6670,87.52014084146842
6671,87.52014084146842
6672,86.37281779397806
6673,86.37281779397806
6674,86.17655715334946
6675,86.17655715334946
6676,86.17655715334946
6677,86.17655715334946
6678,86.17655715334946
6679,86.17655715334946
6680,107.26336425428758
6681,107.26336425428758
6682,103.95171266270512
6683,103.95171266270512
6684,100.54578501961767
6685,100.54578501961767
6686,97.58440788593155
6687,97.58440788593155
6688,102.7854384261728
6689,102.7854384261728
6690,112.91401941082547
6691,112.91401941082547
6692,119.63491383729394
6693,119.63491383729394
6694,122.6631584619412
6695,122.6631584619412
6696,125.67560741420685
6697,125.67560741420685
6698,128.3351795589296
6699,128.3351795589296
6700,161.3428755305187
6701,161.3428755305187
6702,165.79160171700198
6703,165.79160171700198
6704,164.40708861793763
6705,164.40708861793763
6706,156.75372123757143
6707,156.75372123757143
6708,149.58248071972255
6709,149.58248071972255
6710,28.160006851510254
6711,28.160006851510254
6712,29.10795715231354
6713,29.10795715231354
6714,28.839671408323618
6715,28.839671408323618
6716,28.290256444192394
6717,28.290256444192394
6718,27.944604474948648
6719,27.944604474948648
6720,14.23654011253274
6721,14.23654011253274
6722,14.23654011253274
6723,14.23654011253274
6724,14.23654011253274
6725,14.23654011253274
6726,14.23654011253274
6727,14.23654011253274
6728,14.23654011253274
6729,14.23654011253274
6730,32.882462601876284
6731,32.882462601876284
6732,33.19643552566416
6733,33.19643552566416
6734,35.206599617093744
6735,35.206599617093744
6736,36.1491867232616
6737,36.1491867232616
6738,35.90066773779269
6739,35.90066773779269
6740,23.53065618238616
6741,23.53065618238616
6742,24.223894820025684
6743,24.223894820025684
6744,24.223894820025684
6745,24.223894820025684
6746,24.223894820025684
6747,24.223894820025684
6748,24.495771410723055
6749,24.495771410723055
6750,31.350498666453085
6751,31.350498666453085
6752,31.896928571469328
6753,31.896928571469328
6754,31.350498666453085
6755,31.350498666453085
6756,31.538250164271098
6757,31.538250164271098
6758,31.65664978511808
6759,31.65664978511808
6760,242.90233474488028
6761,243.5344093557064
6762,243.5241209525722
6763,243.5241209525722
6764,242.35977354222544
6765,242.35977354222544
6766,242.35977354222544
6767,242.0644415457378
6768,246.76058643245315
6769,246.76058643245315
6770,61.416451612370004
6771,61.416451612370004
6772,63.04885994267574
6773,63.04885994267574
6774,62.12958981141178
6775,62.12958981141178
6776,61.0739291627899
6777,61.0739291627899
6778,63.721588655491146
6779,63.721588655491146
6780,11.80222479089036
6781,11.80222479089036
6782,11.990104445290683
6783,11.990104445290683
6784,12.175442342559746
6785,12.175442342559746
6786,12.175442342559746
6787,12.175442342559746
6788,12.340130234751642
6789,12.340130234751642
6790,19.55357354421791
6791,19.55357354421791
6792,16.57210353556573
6793,16.57210353556573
6794,18.8168589115435
6795,18.8168589115435
6796,18.460460861564496
6797,18.460460861564496
6798,21.895363389290097
6799,21.895363389290097
6800,41.10576159070223
6801,41.10576159070223
6802,41.23371071006657
6803,41.23371071006657
6804,42.08996725285432
6805,42.08996725285432
6806,42.504717900933414
6807,42.504717900933414
6808,42.54501410527187
6809,42.54501410527187
6810,276.89222295046704
6811,276.89222295046704
6812,283.19121562756806
6813,283.19121562756806
6814,293.0118534246837
6815,293.0118534246837
6816,294.90504407992375
6817,294.6097120834361
6818,298.1310724095532
6819,298.1310724095532
6820,27.764688439934453
6821,27.764688439934453
6822,28.028522482706173
6823,28.028522482706173
6824,27.176546924007855
6825,27.176546924007855
6826,26.769742646359113
6827,26.769742646359113
6828,25.237402923736013
6829,25.237402923736013
6830,145.45887703950638
6831,145.45887703950638
6832,149.41587824897985
6833,149.41587824897985
6834,154.14826516626292
6835,154.14826516626292
6836,154.82641352735638
6837,154.82641352735638
6838,155.01363185461233
6839,155.01363185461233
6840,130.96080989210884
6841,130.96080989210884
6842,132.61092021188765
6843,132.61092021188765
6844,133.07999206820705
6845,133.07999206820705
6846,132.9373132752492
6847,132.9373132752492
6848,132.9373132752492
6849,132.9373132752492
6850,20.87935074198288
6851,20.87935074198288
6852,20.87935074198288
6853,20.87935074198288
6854,20.87935074198288
6855,20.87935074198288
6856,20.46091407326338
6857,20.46091407326338
6858,20.428957689035837
6859,20.428957689035837
6860,74.39883695107467
6861,74.39883695107467
6862,74.39883695107467
6863,74.39883695107467
6864,74.29142973349192
6865,74.29142973349192
6866,74.47669145965746
6867,74.47669145965746
6868,75.91890298769836
6869,75.91890298769836
6870,103.31668247063475
6871,103.31668247063475
6872,107.82211825615832
6873,107.82211825615832
6874,108.83948868946847
6875,108.83948868946847
6876,108.56152594921363
6877,108.56152594921363
6878,108.56152594921363
6879,108.56152594921363
6880,80.68600399016672
6881,80.68600399016672
6882,80.68600399016672
6883,80.68600399016672
6884,79.884300564808
6885,79.884300564808
6886,80.74454804726228
6887,80.74454804726228
6888,80.67548609826038
6889,80.67548609826038
6890,14.28979794082273
6891,14.28979794082273
6892,14.248528613202417
6893,14.248528613202417
6894,14.414853789738832
6895,14.414853789738832
6896,14.345964371981054
6897,14.345964371981054
6898,13.949651989929173
6899,13.949651989929173
6900,143.41700797246517
6901,143.41700797246517
6902,142.61667648010356
6903,142.61667648010356
6904,138.3823786867916
6905,138.3823786867916
6906,139.33403167214678
6907,139.33403167214678
6908,141.55789350770496
6909,141.55789350770496
6910,21.09373621691662
6911,21.09373621691662
6912,20.884029257335055
6913,20.884029257335055
6914,21.543132187594722
6915,21.543132187594722
6916,20.911598135597103
6917,20.911598135597103
6918,20.768619764914764
6919,20.768619764914764
6920,71.36176781561379
6921,71.36176781561379
6922,73.64789707054281
6923,73.64789707054281
6924,73.64789707054281
6925,73.64789707054281
6926,73.13085683098208
6927,73.13085683098208
6928,73.24648688032981
6929,73.24648688032981
6930,107.70907908074149
6931,107.70907908074149
6932,110.02529430988658
6933,110.02529430988658
6934,112.18114138107069
6935,112.18114138107069
6936,114.26050935977669
6937,114.26050935977669
6938,116.88940541295756
6939,116.88940541295756
6940,110.02083782992523
6941,110.02083782992523
6942,112.74075754181379
6943,112.74075754181379
6944,113.87768921233472
6945,113.87768921233472
6946,117.1687992809268
6947,117.1687992809268
6948,116.60459790720928
6949,116.60459790720928
6950,100.3597898725856
6951,100.3597898725856
6952,102.13151810452388
6953,102.13151810452388
6954,103.06112077241976
6955,103.06112077241976
6956,108.88993442382042
6957,108.88993442382042
6958,109.06853308678699
6959,109.06853308678699
6960,47.10553232888592
6961,47.10553232888592
6962,61.15930647072825
6963,61.15930647072825
6964,57.09456419759749
6965,57.09456419759749
6966,47.16651437281666
6967,47.16651437281666
6968,42.57190553744191
6969,42.57190553744191
6970,113.23117243417452
6971,113.23117243417452
6972,115.59955626793382
6973,115.59955626793382
6974,118.12653503331069
6975,118.12653503331069
6976,119.13314469444204
6977,119.13314469444204
6978,118.12653503331069
6979,118.12653503331069
6980,26.13874862826481
6981,26.13874862826481
6982,26.39809306767706
6983,26.39809306767706
6984,26.791924474766773
6985,26.791924474766773
6986,27.22015862209373
6987,27.22015862209373
6988,26.96978077014655
6989,26.96978077014655
6990,45.8327722356408
6991,45.8327722356408
6992,45.16851052734872
6993,45.16851052734872
6994,45.16851052734872
6995,45.16851052734872
6996,44.8962709399611
6997,44.8962709399611
6998,43.60228803322871
6999,43.60228803322871
7000,16.601042862193207
7001,16.601042862193207
7002,17.210610005916482
7003,17.210610005916482
7004,18.110815434867117
7005,18.110815434867117
7006,19.08749212385246
7007,19.08749212385246
7008,18.362857008973503
7009,18.362857008973503
7010,17.80308182247822
7011,17.80308182247822
7012,17.80308182247822
7013,17.80308182247822
7014,19.11728923580873
7015,19.11728923580873
7016,19.921161883431544
7017,19.921161883431544
7018,20.173384067927284
7019,20.173384067927284
7020,139.51142347654576
7021,139.51142347654576
7022,139.23672423965567
7023,139.23672423965567
7024,139.55639739330982
7025,139.55639739330982
7026,143.51187099275938
7027,143.51187099275938
7028,138.67956702396197
7029,138.67956702396197
7030,79.91682050675745
7031,79.91682050675745
7032,80.8829034455597
7033,80.8829034455597
7034,82.5705717241612
7035,82.5705717241612
7036,84.21177597300459
7037,84.21177597300459
7038,85.23473181873523
7039,85.23473181873523
7040,21.035160648644613
7041,21.035160648644613
7042,21.62539115377173
7043,21.62539115377173
7044,21.77107953527171
7045,21.77107953527171
7046,20.946671499020145
7047,20.946671499020145
7048,21.77107953527171
7049,21.77107953527171
7050,78.41549832430968
7051,78.41549832430968
7052,82.41539646144605
7053,82.41539646144605
7054,84.54914844077898
7055,84.54914844077898
7056,86.33829343037918
7057,86.33829343037918
7058,85.18385301603662
7059,85.18385301603662
7060,82.02141972712397
7061,82.02141972712397
7062,84.34624824717409
7063,84.34624824717409
7064,82.71864648824476
7065,82.71864648824476
7066,82.71864648824476
7067,82.71864648824476
7068,82.71864648824476
7069,82.71864648824476
7070,18.128150213731193
7071,18.128150213731193
7072,18.512828685962067
7073,18.512828685962067
7074,18.822176055129784
7075,18.822176055129784
7076,19.01641786358041
7077,19.01641786358041
7078,18.822176055129784
7079,18.822176055129784
7080,47.14011435799437
7081,47.14011435799437
7082,51.61939936828107
7083,51.61939936828107
7084,76.07421009881848
7085,76.07421009881848
7086,77.31018741014786
7087,77.31018741014786
7088,73.738692158001
7089,73.738692158001
7090,170.72770059067182
7091,170.72770059067182
7092,182.17258005468696
7093,182.17258005468696
7094,186.90558253492887
7095,186.90558253492887
7096,175.29122329339307
7097,175.29122329339307
7098,176.11894594185875
7099,176.11894594185875
7100,26.046343270404208
7101,26.046343270404208
7102,26.52437572975259
7103,26.52437572975259
7104,26.263965171027454
7105,26.263965171027454
7106,26.32422703936367
7107,26.32422703936367
7108,26.238085564650802
7109,26.238085564650802
7110,17.75492459223678
7111,17.75492459223678
7112,17.433203191858937
7113,17.433203191858937
7114,16.860134904268293
7115,16.860134904268293
7116,17.527859739079293
7117,17.527859739079293
7118,17.75492459223678
7119,17.75492459223678
7120,72.87067848665455
7121,72.87067848665455
7122,73.30606581286544
7123,73.30606581286544
7124,73.50718588762689
7125,73.50718588762689
7126,76.6944454596847
7127,76.6944454596847
7128,75.86530262690539
7129,75.86530262690539
7130,24.250329308413676
7131,24.250329308413676
7132,24.277898186675724
7133,24.277898186675724
7134,25.283185432502
7135,25.283185432502
7136,25.60435771589796
7137,25.60435771589796
7138,26.424141779611706
7139,26.424141779611706
7140,101.06906373647092
7141,101.06906373647092
7142,103.1555236348657
7143,103.1555236348657
7144,102.78192783625693
7145,102.78192783625693
7146,104.25204247043334
7147,104.25204247043334
7148,105.92313719590902
7149,105.92313719590902
7150,8.354428569211372
7151,8.354428569211372
7152,8.412614279793665
7153,8.412614279793665
7154,8.852997647567053
7155,8.852997647567053
7156,9.560782995068768
7157,9.560782995068768
7158,9.560782995068768
7159,9.560782995068768
7160,12.879449648884366
7161,12.879449648884366
7162,13.156165492655772
7163,13.156165492655772
7164,13.543553783509335
7165,13.543553783509335
7166,13.543553783509335
7167,13.543553783509335
7168,13.341483209908088
7169,13.341483209908088
7170,19.688165302907382
7171,19.688165302907382
7172,20.111021527949966
7173,20.111021527949966
7174,20.673166149487315
7175,20.673166149487315
7176,21.88822604478931
7177,21.88822604478931
7178,21.32796573663627
7179,21.32796573663627
7180,184.38980546401436
7181,184.38980546401436
7182,184.38980546401436
7183,184.38980546401436
7184,184.38980546401436
7185,184.38980546401436
7186,186.8672852397202
7187,186.8672852397202
7188,184.38980546401436
7189,184.38980546401436
7190,65.77308198396443
7191,65.77308198396443
7192,69.01536089621342
7193,69.01536089621342
7194,70.96331938286353
7195,70.96331938286353
7196,72.18372888252343
7197,72.18372888252343
7198,74.06193876372224
7199,74.06193876372224
7200,67.162719718147
7201,67.162719718147
7202,66.80267340188962
7203,66.80267340188962
7204,69.54679838488153
7205,69.54679838488153
7206,68.53867637824303
7207,68.53867637824303
7208,69.1983447705673
7209,69.1983447705673
7210,41.09888425295145
7211,41.09888425295145
7212,41.98557815216213
7213,41.98557815216213
7214,42.60693238186634
7215,42.60693238186634
7216,43.85489661247097
7217,43.85489661247097
7218,43.78810738574616
7219,43.78810738574616
7220,189.5598395821182
7221,189.81353437537723
7222,196.07367437178237
7223,196.07367437178237
7224,200.01408783368458
7225,200.01408783368458
7226,200.82081562116633
7227,200.52548362467869
7228,200.52548362467869
7229,200.52548362467869
7230,122.53228605383744
7231,122.53228605383744
7232,132.41770013610943
7233,132.41770013610943
7234,136.78858509276316
7235,136.78858509276316
7236,143.86399911739377
7237,143.56866712090613
7238,145.98558141935544
7239,145.98558141935544
7240,80.78559396191538
7241,80.78559396191538
7242,83.35752853072513
7243,83.35752853072513
7244,83.35752853072513
7245,83.35752853072513
7246,83.35752853072513
7247,83.35752853072513
7248,84.69821797579971
7249,84.69821797579971
7250,114.14010150129647
7251,114.14010150129647
7252,114.14010150129647
7253,114.14010150129647
7254,114.14010150129647
7255,114.14010150129647
7256,114.14010150129647
7257,114.14010150129647
7258,114.14010150129647
7259,114.14010150129647
7260,148.80300132653062
7261,148.80300132653062
7262,150.78212643694184
7263,150.78212643694184
7264,152.9159052449193
7265,152.9159052449193
7266,153.87338808878795
7267,153.87338808878795
7268,156.20636050017214
7269,156.20636050017214
7270,99.95133787249549
7271,100.25155008680039
7272,95.7772731310094
7273,95.7772731310094
7274,86.87047614811534
7275,86.87047614811534
7276,59.17053886279525
7277,59.17053886279525
7278,55.47393828797161
7279,55.47393828797161
7280,85.27942677823877
7281,85.27942677823877
7282,89.98039968944529
7283,89.98039968944529
7284,90.82372220868781
7285,90.82372220868781
7286,91.88431808438077
7287,91.88431808438077
7288,93.46295977625473
7289,93.46295977625473
7290,114.05178607054937
7291,114.05178607054937
7292,111.3385604437169
7293,111.3385604437169
7294,108.8377033908149
7295,108.8377033908149
7296,111.3385604437169
7297,111.3385604437169
7298,111.79868963639238
7299,111.79868963639238
7300,152.33614719782383
7301,152.33614719782383
7302,156.28232294786116
7303,156.28232294786116
7304,152.23618129455744
7305,152.23618129455744
7306,140.16892707436352
7307,140.16892707436352
7308,150.82976076904183
7309,150.82976076904183
7310,171.16382908019122
7311,171.16382908019122
7312,171.16382908019122
7313,171.16382908019122
7314,168.34943498917295
7315,168.34943498917295
7316,167.09916010986882
7317,167.09916010986882
7318,168.586578545964
7319,168.586578545964
7320,184.1778244716739
7321,184.1778244716739
7322,175.43550550986234
7323,175.43550550986234
7324,179.6723870083941
7325,179.6723870083941
7326,179.6723870083941
7327,179.6723870083941
7328,179.6723870083941
7329,179.6723870083941
7330,45.99488889434846
7331,45.99488889434846
7332,47.01944351690366
7333,47.01944351690366
7334,47.02826243793916
7335,47.02826243793916
7336,47.02826243793916
7337,47.02826243793916
7338,47.74610300213038
7339,47.74610300213038
7340,34.87954712619575
7341,34.87954712619575
7342,35.32308181845445
7343,35.32308181845445
7344,34.39594051098025
7345,34.39594051098025
7346,33.682238525797416
7347,33.682238525797416
7348,34.39594051098025
7349,34.39594051098025
7350,43.24811876168284
7351,43.24811876168284
7352,44.16947705216044
7353,44.16947705216044
7354,45.07707932568781
7355,45.07707932568781
7356,47.86836648483786
7357,47.86836648483786
7358,49.057823911702876
7359,49.057823911702876
7360,66.57684633693889
7361,66.57684633693889
7362,67.36651490010078
7363,67.36651490010078
7364,70.10552425659287
7365,70.10552425659287
7366,71.14188595831679
7367,71.14188595831679
7368,71.14188595831679
7369,71.14188595831679
7370,25.244317070042953
7371,25.244317070042953
7372,25.244317070042953
7373,25.244317070042953
7374,25.249328628164175
7375,25.249328628164175
7376,27.01058721147562
7377,27.01058721147562
7378,26.462802779518945
7379,26.462802779518945
7380,68.2195997753961
7381,68.2195997753961
7382,70.80529648550656
7383,70.80529648550656
7384,75.06735093260906
7385,75.06735093260906
7386,76.59223630241166
7387,76.59223630241166
7388,74.26278218795946
7389,74.26278218795946
7390,14.255392827527926
7391,14.255392827527926
7392,13.19591524736754
7393,13.19591524736754
7394,12.994176270591781
7395,12.994176270591781
7396,13.933671427150093
7397,13.933671427150093
7398,14.028327974370454
7399,14.028327974370454
7400,34.39137385005909
7401,34.39137385005909
7402,35.05801234496811
7403,35.05801234496811
7404,35.64582028953456
7405,35.64582028953456
7406,36.271585808209764
7407,36.271585808209764
7408,36.36751841014756
7409,36.36751841014756
7410,78.79744235094178
7411,78.79744235094178
7412,82.81187645615782
7413,82.81187645615782
7414,83.64863360650982
7415,83.64863360650982
7416,84.30925592972713
7417,84.30925592972713
7418,83.8398002308192
7419,83.8398002308192
7420,118.64376010431275
7421,118.64376010431275
7422,120.16247490218713
7423,120.16247490218713
7424,121.16611619349911
7425,121.16611619349911
7426,122.0201148669569
7427,122.0201148669569
7428,122.0201148669569
7429,122.0201148669569
7430,70.03562287612903
7431,70.03562287612903
7432,72.4672294237912
7433,72.4672294237912
7434,70.43897089185151
7435,70.43897089185151
7436,68.6765183870101
7437,68.6765183870101
7438,68.61883137343472
7439,68.61883137343472
7440,122.71667547866315
7441,122.71667547866315
7442,127.71470222521337
7443,127.71470222521337
7444,131.96361501860056
7445,131.96361501860056
7446,136.5105271625274
7447,136.21519516603976
7448,136.21519516603976
7449,136.21519516603976
7450,121.20152038848322
7451,121.20152038848322
7452,121.4750980594226
7453,121.4750980594226
7454,121.080023889328
7455,121.080023889328
7456,120.14892834507687
7457,120.14892834507687
7458,121.28670345295205
7459,121.28670345295205
7460,9.943728468225489
7461,9.943728468225489
7462,9.943728468225489
7463,9.943728468225489
7464,9.943728468225489
7465,9.943728468225489
7466,9.943728468225489
7467,9.943728468225489
7468,9.943728468225489
7469,9.943728468225489
7470,134.90884509187697
7471,134.90884509187697
7472,133.04001227578615
7473,133.04001227578615
7474,129.4778542339267
7475,129.4778542339267
7476,128.37050100212804
7477,128.37050100212804
7478,133.61310163482372
7479,133.61310163482372
7480,71.12233685379562
7481,71.12233685379562
7482,70.79306157244982
7483,70.79306157244982
7484,71.12233685379562
7485,71.12233685379562
7486,71.12233685379562
7487,71.12233685379562
7488,71.5627757015865
7489,71.5627757015865
7490,133.73230590311428
7491,133.73230590311428
7492,138.89048299666283
7493,138.89048299666283
7494,140.5460693019941
7495,140.5460693019941
7496,140.01546552836166
7497,139.720133531874
7498,137.51738601967503
7499,137.51738601967503
7500,15.192199452409263
7501,15.192199452409263
7502,15.192199452409263
7503,15.192199452409263
7504,15.192199452409263
7505,15.192199452409263
7506,15.623472994208498
7507,15.623472994208498
7508,15.730880211791249
7509,15.730880211791249
7510,9.772562982568395
7511,9.772562982568395
7512,9.772562982568395
7513,9.772562982568395
7514,10.011207373566018
7515,10.011207373566018
7516,10.639384778839437
7517,10.639384778839437
7518,10.963904854778397
7519,10.963904854778397
7520,81.77321742133748
7521,81.77321742133748
7522,86.44991619384044
7523,86.44991619384044
7524,90.22579267547431
7525,90.22579267547431
7526,90.14533777054929
7527,90.14533777054929
7528,90.23659631033556
7529,90.23659631033556
7530,17.40017121711773
7531,17.40017121711773
7532,17.40017121711773
7533,17.40017121711773
7534,17.43212760134527
7535,17.43212760134527
7536,17.43212760134527
7537,17.43212760134527
7538,17.732889253724935
7539,17.732889253724935
7540,5.372746607413897
7541,5.372746607413897
7542,5.6113909984115224
7543,5.6113909984115224
7544,5.6113909984115224
7545,5.6113909984115224
7546,5.776078890603415
7547,5.776078890603415
7548,5.9106520512751715
7549,5.9106520512751715
7550,74.57665275733214
7551,74.57665275733214
7552,78.75430037688875
7553,78.75430037688875
7554,77.73026003767085
7555,77.73026003767085
7556,78.39970305130845
7557,78.39970305130845
7558,81.02224246783979
7559,81.02224246783979
7560,14.670793340847842
7561,14.670793340847842
7562,15.277665423274806
7563,15.277665423274806
7564,15.614643135382426
7565,15.614643135382426
7566,15.816713708983677
7567,15.816713708983677
7568,15.913519758655674
7569,15.913519758655674
7570,45.89867930595531
7571,45.89867930595531
7572,45.89867930595531
7573,45.89867930595531
7574,47.20268898087565
7575,47.20268898087565
7576,49.037962528772105
7577,49.037962528772105
7578,51.90174409813918
7579,51.90174409813918
7580,157.29056659007304
7581,157.29056659007304
7582,153.8368383287421
7583,153.8368383287421
7584,153.8368383287421
7585,153.8368383287421
7586,152.83110652151169
7587,152.83110652151169
7588,155.3459555597178
7589,155.3459555597178
7590,52.72851971212778
7591,52.72851971212778
7592,52.95558456528526
7593,52.95558456528526
7594,53.74023104697382
7595,53.74023104697382
7596,53.71305965190071
7597,53.71305965190071
7598,53.68110326767316
7599,53.68110326767316
7600,144.78256690136126
7601,144.78256690136126
7602,144.75253374840239
7603,144.75253374840239
7604,145.4185705775822
7605,145.4185705775822
7606,145.4185705775822
7607,145.4185705775822
7608,147.71953754896668
7609,147.71953754896668
7610,19.356989823245865
7611,19.356989823245865
7612,20.0543518917743
7613,20.0543518917743
7614,21.06834699789485
7615,21.06834699789485
7616,22.344898026922728
7617,22.344898026922728
7618,21.555391064383667
7619,21.555391064383667
7620,20.974053877857006
7621,20.974053877857006
7622,21.08711720683195
7623,21.08711720683195
7624,21.08711720683195
7625,21.08711720683195
7626,21.08711720683195
7627,21.08711720683195
7628,20.710826998255897
7629,20.710826998255897
7630,23.795933382731643
7631,23.795933382731643
7632,24.028028149498347
7633,24.028028149498347
7634,24.203764318715077
7635,24.203764318715077
7636,24.203764318715077
7637,24.203764318715077
7638,24.203764318715077
7639,24.203764318715077
7640,35.39744626466478
7641,35.39744626466478
7642,35.17710614012337
7643,35.17710614012337
7644,34.99104958916617
7645,34.99104958916617
7646,35.39744626466478
7647,35.39744626466478
7648,35.39744626466478
7649,35.39744626466478
7650,36.06280732071016
7651,36.06280732071016
7652,37.157658509660486
7653,37.157658509660486
7654,37.157658509660486
7655,37.157658509660486
7656,37.157658509660486
7657,37.157658509660486
7658,37.157658509660486
7659,37.157658509660486
7660,19.376487778847384
7661,19.376487778847384
7662,18.004593755195625
7663,18.004593755195625
7664,17.73546583399415
7665,17.73546583399415
7666,18.514472356578235
7667,18.514472356578235
7668,19.009366440135306
7669,19.009366440135306
7670,73.14603539437937
7671,73.14603539437937
7672,73.22184169884964
7673,73.22184169884964
7674,74.50020412836372
7675,74.50020412836372
7676,74.95576061934328
7677,74.95576061934328
7678,76.41881797406096
7679,76.41881797406096
7680,57.652037181792316
7681,57.652037181792316
7682,57.42115214458621
7683,57.42115214458621
7684,57.61760837031992
7685,57.61760837031992
7686,57.61760837031992
7687,57.61760837031992
7688,58.71975718060483
7689,58.71975718060483
7690,31.37828833168237
7691,31.37828833168237
7692,31.140124341708912
7693,31.140124341708912
7694,32.4554639698456
7695,32.4554639698456
7696,34.258826981416
7697,34.258826981416
7698,36.7170936937277
7699,36.7170936937277
7700,17.38798207431024
7701,17.38798207431024
7702,17.38798207431024
7703,17.38798207431024
7704,17.38798207431024
7705,17.38798207431024
7706,18.718034977867845
7707,18.718034977867845
7708,19.3098096228136
7709,19.3098096228136
7710,58.10840496202591
7711,58.10840496202591
7712,60.066660062415174
7713,60.066660062415174
7714,62.65386256096673
7715,62.65386256096673
7716,64.52468110677312
7717,64.52468110677312
7718,66.4124761092922
7719,66.4124761092922
7720,7.247846026520347
7721,7.247846026520347
7722,7.247846026520347
7723,7.247846026520347
7724,7.41253391871224
7725,7.41253391871224
7726,7.247846026520347
7727,7.247846026520347
7728,7.247846026520347
7729,7.247846026520347
7730,16.333590102789213
7731,16.333590102789213
7732,16.44255698041121
7733,16.44255698041121
7734,16.375756908340186
7735,16.375756908340186
7736,19.612150892336295
7737,19.612150892336295
7738,19.646467883080646
7739,19.646467883080646
7740,63.862181012627275
7741,63.862181012627275
7742,62.34418284430817
7743,62.34418284430817
7744,61.75807137458754
7745,61.75807137458754
7746,61.75807137458754
7747,61.75807137458754
7748,62.79375619479584
7749,62.79375619479584
7750,48.19852942116311
7751,48.19852942116311
7752,51.20048257627558
7753,51.20048257627558
7754,48.51741191360423
7755,48.51741191360423
7756,46.24096698477014
7757,46.24096698477014
7758,49.69697165925671
7759,49.69697165925671
7760,71.21166380957489
7761,71.21166380957489
7762,71.89332744731811
7763,71.89332744731811
7764,69.6888544803126
7765,69.6888544803126
7766,69.6888544803126
7767,69.6888544803126
7768,69.6888544803126
7769,69.6888544803126
7770,58.180676304547525
7771,58.180676304547525
7772,60.9403737062836
7773,60.9403737062836
7774,62.851174004161564
7775,62.851174004161564
7776,64.87296064295609
7777,64.87296064295609
7778,65.6314773598319
7779,65.6314773598319
7780,81.47708192189455
7781,81.47708192189455
7782,82.00044237730201
7783,82.00044237730201
7784,79.32175380056742
7785,79.32175380056742
7786,77.82496947255981
7787,77.82496947255981
7788,80.35743462588776
7789,80.35743462588776
7790,62.624698803931004
7791,62.624698803931004
7792,62.4386422529738
7793,62.4386422529738
7794,62.4386422529738
7795,62.4386422529738
7796,62.64636212916909
7797,62.64636212916909
7798,63.06703741425175
7799,63.06703741425175
7800,96.95122284019016
7801,96.95122284019016
7802,101.00832451225429
7803,101.00832451225429
7804,105.32494175088249
7805,105.32494175088249
7806,105.43255386108662
7807,105.43255386108662
7808,107.53867924827091
7809,107.53867924827091
7810,188.73268088804565
7811,188.73268088804565
7812,189.35639909520052
7813,189.35639909520052
7814,189.1394250940304
7815,189.1394250940304
7816,191.21016066375148
7817,191.21016066375148
7818,188.73268088804565
7819,188.73268088804565
7820,46.779438565897635
7821,46.779438565897635
7822,46.3443014358961
7823,46.3443014358961
7824,46.8149497571392
7825,46.8149497571392
7826,47.906818742464814
7827,47.906818742464814
7828,48.34071180124481
7829,48.34071180124481
7830,29.263493760189856
7831,29.263493760189856
7832,30.1383021547552
7833,30.1383021547552
7834,31.103673527133164
7835,31.103673527133164
7836,31.698553995583353
7837,31.698553995583353
7838,31.515006498167367
7839,31.515006498167367
7840,54.105927013936615
7841,54.105927013936615
7842,53.99684400269766
7843,53.99684400269766
7844,54.105927013936615
7845,54.105927013936615
7846,53.36698848304096
7847,53.36698848304096
7848,53.04293609445119
7849,53.04293609445119
7850,36.79384850120872
7851,36.79384850120872
7852,35.28379805036498
7853,35.28379805036498
7854,36.55476242866708
7855,36.55476242866708
7856,35.42002685664123
7857,35.42002685664123
7858,36.286476684677154
7859,36.286476684677154
7860,21.765607627676232
7861,21.765607627676232
7862,19.567144110559138
7863,19.567144110559138
7864,21.13743656081486
7865,21.13743656081486
7866,19.79529980972121
7867,19.79529980972121
7868,22.285307671728237
7869,22.285307671728237
7870,5.0674177587271805
7871,5.0674177587271805
7872,5.2552974131275
7873,5.2552974131275
7874,5.1438052088166435
7875,5.1438052088166435
7876,5.2552974131275
7877,5.2552974131275
7878,5.306062149724806
7879,5.306062149724806
7880,146.82756474309733
7881,146.82756474309733
7882,143.6757625771485
7883,143.6757625771485
7884,147.66798769712378
7885,147.66798769712378
7886,148.3577750923233
7887,148.3577750923233
7888,149.2222484507945
7889,149.2222484507945
7890,52.64323545391576
7891,52.64323545391576
7892,53.1867989757977
7893,53.1867989757977
7894,52.51141161952873
7895,52.51141161952873
7896,53.39539227642945
7897,53.39539227642945
7898,55.240742825848365
7899,55.240742825848365
7900,16.305666712031854
7901,16.305666712031854
7902,16.65823425862407
7903,16.65823425862407
7904,17.75966561658554
7905,17.75966561658554
7906,18.26684346049456
7907,18.26684346049456
7908,18.02549254646139
7909,18.02549254646139
7910,16.488978710532855
7911,16.488978710532855
7912,18.814260150998436
7913,18.814260150998436
7914,17.90320360855661
7915,17.90320360855661
7916,16.944755524173072
7917,16.944755524173072
7918,16.668616813257007
7919,16.668616813257007
7920,35.24616198702427
7921,35.24616198702427
7922,35.44769923639408
7923,35.44769923639408
7924,37.27014767048384
7925,37.27014767048384
7926,39.12879239786579
7927,39.12879239786579
7928,38.488261358717246
7929,38.488261358717246
7930,37.32447638147932
7931,37.32447638147932
7932,37.736256578300804
7933,37.736256578300804
7934,37.4571510841639
7935,37.4571510841639
7936,37.045370887342415
7937,37.045370887342415
7938,36.80035255670115
7939,36.80035255670115
7940,175.71479661190807
7941,175.71479661190807
7942,177.40389950807923
7943,177.40389950807923
7944,183.89420710461786
7945,183.89420710461786
7946,188.12984305149138
7947,188.12984305149138
7948,188.3612778683602
7949,188.3612778683602
7950,35.48521809050971
7951,35.48521809050971
7952,35.694854925209654
7953,35.694854925209654
7954,35.694854925209654
7955,35.694854925209654
7956,35.432885848206915
7957,35.432885848206915
7958,35.52861661704159
7959,35.52861661704159
7960,36.34465295720078
7961,36.34465295720078
7962,39.95599411726285
7963,39.95599411726285
7964,42.62274095977055
7965,42.62274095977055
7966,40.895292810071595
7967,40.895292810071595
7968,47.82683912684287
7969,47.82683912684287
7970,183.54660979925654
7971,183.80030459251557
7972,191.98007881907608
7973,191.98007881907608
7974,194.21326814728621
7975,194.21326814728621
7976,195.6786520416223
7977,195.38332004513467
7978,195.38332004513467
7979,195.38332004513467
7980,74.78152881518267
7981,74.78152881518267
7982,78.42580451283197
7983,78.42580451283197
7984,81.60995059032908
7985,81.60995059032908
7986,83.98027536897196
7987,83.98027536897196
7988,87.42392296309109
7989,87.42392296309109
7990,70.31591700697335
7991,70.31591700697335
7992,70.75130433318424
7993,70.75130433318424
7994,72.03737223904157
7995,72.03737223904157
7996,72.82711263806631
7997,72.82711263806631
7998,72.80239194903436
7999,72.80239194903436
8000,95.19116750808563
8001,95.19116750808563
8002,95.63454327398657
8003,95.63454327398657
8004,95.19116750808563
8005,95.19116750808563
8006,94.82558557219035
8007,94.82558557219035
8008,94.82558557219035
8009,94.82558557219035
8010,123.456577019535
8011,123.456577019535
8012,122.94647652803305
8013,122.94647652803305
8014,123.456577019535
8015,123.456577019535
8016,125.54686808696471
8017,125.54686808696471
8018,130.8446564039023
8019,130.8446564039023
8020,5.58567781496117
8021,5.58567781496117
8022,5.58567781496117
8023,5.58567781496117
8024,5.662065265050633
8025,5.662065265050633
8026,5.95889536663055
8027,5.95889536663055
8028,5.95889536663055
8029,5.95889536663055
8030,2.5888352604896525
8031,2.5888352604896525
8032,2.5888352604896525
8033,2.5888352604896525
8034,2.5888352604896525
8035,2.5888352604896525
8036,2.5888352604896525
8037,2.5888352604896525
8038,2.5888352604896525
8039,2.5888352604896525
8040,22.28180970768417
8041,22.28180970768417
8042,23.24045630144132
8043,23.24045630144132
8044,23.348794639491317
8045,23.348794639491317
8046,24.052189417861346
8047,24.052189417861346
8048,23.939502713301284
8049,23.939502713301284
8050,21.79965512715767
8051,21.79965512715767
8052,21.79965512715767
8053,21.79965512715767
8054,22.110710116411735
8055,22.110710116411735
8056,23.128230380179275
8057,23.128230380179275
8058,23.665492051421026
8059,23.665492051421026
8060,23.0768765749129
8061,23.0768765749129
8062,23.93081025341831
8063,23.93081025341831
8064,24.94334541964433
8065,24.94334541964433
8066,25.4790777163669
8067,25.4790777163669
8068,25.59176442092696
8069,25.59176442092696
8070,21.71010124843939
8071,21.71010124843939
8072,22.536684516995795
8073,22.536684516995795
8074,22.01746435179272
8075,22.01746435179272
8076,21.71010124843939
8077,21.71010124843939
8078,22.135956846387334
8079,22.135956846387334
8080,215.97554222822473
8081,215.97554222822473
8082,225.54129263792
8083,225.54129263792
8084,225.39010895741595
8085,225.39010895741595
8086,226.5348263348769
8087,226.23949433838925
8088,239.409914126611
8089,239.409914126611
8090,28.696982351952283
8091,28.696982351952283
8092,29.810455102330216
8093,29.810455102330216
8094,30.408142769329643
8095,30.408142769329643
8096,30.408142769329643
8097,30.408142769329643
8098,33.10940957400144
8099,33.10940957400144
8100,88.49499815823889
8101,88.49499815823889
8102,92.12348621757823
8103,92.12348621757823
8104,96.20878348281217
8105,96.20878348281217
8106,97.71278673325551
8107,97.71278673325551
8108,99.86499377203171
8109,99.86499377203171
8110,73.65114487557794
8111,73.65114487557794
8112,74.3874038708102
8113,74.3874038708102
8114,67.2107791367189
8115,67.2107791367189
8116,64.89792152346168
8117,64.89792152346168
8118,67.54407421704914
8119,67.54407421704914
8120,39.66261666151351
8121,39.66261666151351
8122,41.24327723764303
8123,41.24327723764303
8124,41.004503122057905
8125,41.004503122057905
8126,41.004503122057905
8127,41.004503122057905
8128,41.88604226867625
8129,41.88604226867625
8130,139.1787927687373
8131,139.1787927687373
8132,139.37412082632318
8133,139.37412082632318
8134,137.7512393693927
8135,137.7512393693927
8136,137.95765294900283
8137,137.95765294900283
8138,141.77922039697012
8139,141.77922039697012
8140,44.551216921721895
8141,44.551216921721895
8142,44.61727636458861
8143,44.61727636458861
8144,44.72561470263861
8145,44.72561470263861
8146,44.61727636458861
8147,44.61727636458861
8148,44.72561470263861
8149,44.72561470263861
8150,104.94706043281498
8151,104.94706043281498
8152,110.16368366997104
8153,110.16368366997104
8154,107.5656237254576
8155,107.5656237254576
8156,97.9543333352374
8157,97.9543333352374
8158,101.91111468052515
8159,101.91111468052515
8160,20.133263383753178
8161,20.133263383753178
8162,20.591843507077034
8163,20.591843507077034
8164,20.591843507077034
8165,20.591843507077034
8166,20.591843507077034
8167,20.591843507077034
8168,20.591843507077034
8169,20.591843507077034
8170,76.60886936024326
8171,76.60886936024326
8172,82.25447913956502
8173,82.25447913956502
8174,87.21716783961247
8175,87.21716783961247
8176,86.60808759488944
8177,86.60808759488944
8178,83.5266152747914
8179,83.5266152747914
8180,24.534018034141035
8181,24.534018034141035
8182,24.761082887298503
8183,24.761082887298503
8184,24.9655462200103
8185,24.9655462200103
8186,24.95975968660182
8187,24.95975968660182
8188,25.223803712145994
8189,25.223803712145994
8190,221.7683185593931
8191,221.7683185593931
8192,228.28996757973076
8193,228.28996757973076
8194,225.6110371251113
8195,225.6110371251113
8196,220.7965527552807
8197,220.7965527552807
8198,221.52458239799392
8199,221.52458239799392
8200,145.71545441072755
8201,145.71545441072755
8202,145.71545441072755
8203,145.71545441072755
8204,149.55557578131024
8205,149.55557578131024
8206,151.02906900374418
8207,151.02906900374418
8208,152.72929821125186
8209,152.72929821125186
8210,165.97852135124532
8211,165.97852135124532
8212,165.97852135124532
8213,165.97852135124532
8214,165.97852135124532
8215,165.97852135124532
8216,166.2181590851232
8217,166.2181590851232
8218,167.42370333634307
8219,167.42370333634307
8220,34.61134384692606
8221,34.61134384692606
8222,33.82162255623369
8223,33.82162255623369
8224,34.78437047660099
8225,34.78437047660099
8226,35.466424647587054
8227,35.466424647587054
8228,35.519292381647325
8229,35.519292381647325
8230,86.04549343207516
8231,86.04549343207516
8232,86.692733281773
8233,86.692733281773
8234,87.25768548238119
8235,87.25768548238119
8236,87.16809013994015
8237,87.16809013994015
8238,87.35426113537096
8239,87.35426113537096
8240,45.428044233167235
8241,45.428044233167235
8242,46.78522038849136
8243,46.78522038849136
8244,47.48245442738022
8245,47.48245442738022
8246,48.56720924973171
8247,48.56720924973171
8248,50.821395556023646
8249,50.821395556023646
8250,24.239198932131135
8251,24.239198932131135
8252,24.008873317574878
8253,24.008873317574878
8254,23.52295698012514
8255,23.52295698012514
8256,24.096907274172093
8257,24.096907274172093
8258,24.175793301082944
8259,24.175793301082944
8260,143.44949021094484
8261,143.44949021094484
8262,145.8307083758441
8263,145.8307083758441
8264,145.3143387465998
8265,145.3143387465998
8266,145.22267163391456
8267,145.22267163391456
8268,145.51444056815717
8269,145.51444056815717
8270,124.67098311013358
8271,124.67098311013358
8272,126.43247738852237
8273,126.43247738852237
8274,123.40685951454353
8275,123.40685951454353
8276,106.07324611495682
8277,106.07324611495682
8278,114.00733947245409
8279,114.00733947245409
8280,61.20336657712102
8281,61.20336657712102
8282,55.567682620775585
8283,55.567682620775585
8284,56.00377174040705
8285,56.00377174040705
8286,61.22763803203382
8287,61.22763803203382
8288,67.93088303570035
8289,67.93088303570035
8290,12.128969779272524
8291,12.128969779272524
8292,12.375035144255135
8293,12.375035144255135
8294,12.42579988085244
8295,12.42579988085244
8296,12.792226749820097
8297,12.792226749820097
8298,12.792226749820097
8299,12.792226749820097
8300,31.679612393279324
8301,31.679612393279324
8302,31.679612393279324
8303,31.679612393279324
8304,31.774268940499677
8305,31.774268940499677
8306,32.32289441199326
8307,32.32289441199326
8308,33.5685174649815
8309,33.5685174649815
8310,22.20029191143328
8311,22.20029191143328
8312,22.20029191143328
8313,22.20029191143328
8314,22.307568706999746
8315,22.307568706999746
8316,22.458549403568973
8317,22.458549403568973
8318,22.458549403568973
8319,22.458549403568973
8320,56.986516217439295
8321,56.986516217439295
8322,56.078943040139194
8323,56.078943040139194
8324,55.50341779019777
8325,55.50341779019777
8326,57.295292233796744
8327,57.295292233796744
8328,57.295292233796744
8329,57.295292233796744
8330,143.4761514825532
8331,143.4761514825532
8332,142.07440063572858
8333,142.07440063572858
8334,134.986806764112
8335,134.986806764112
8336,135.05792522936133
8337,135.05792522936133
8338,135.31797354942123
8339,135.31797354942123
8340,204.5118624926943
8341,205.39763189677944
8342,206.52358306679997
8343,206.52358306679997
8344,208.5580716643893
8345,208.5580716643893
8346,211.91628890162121
8347,211.62095690513357
8348,211.62095690513357
8349,211.62095690513357
8350,162.96523483382936
8351,162.96523483382936
8352,164.38559980909065
8353,164.38559980909065
8354,169.06724132440303
8355,169.06724132440303
8356,172.76383330175713
8357,172.76383330175713
8358,173.24051459083813
8359,173.24051459083813
8360,29.52207811342637
8361,29.52207811342637
8362,29.448986236476895
8363,29.448986236476895
8364,29.52207811342637
8365,29.52207811342637
8366,29.177474371259617
8367,29.177474371259617
8368,28.496317317491886
8369,28.496317317491886
8370,24.260904973806326
8371,24.260904973806326
8372,26.21744512288151
8373,26.21744512288151
8374,27.731422548584348
8375,27.731422548584348
8376,27.731422548584348
8377,27.731422548584348
8378,27.8503827933698
8379,27.8503827933698
8380,57.989069420388574
8381,57.989069420388574
8382,58.17118043666254
8383,58.17118043666254
8384,57.29048601824347
8385,57.29048601824347
8386,56.01257957628304
8387,56.01257957628304
8388,57.78572475001877
8389,57.78572475001877
8390,78.21212646012019
8391,78.21212646012019
8392,82.49204200955462
8393,82.49204200955462
8394,85.88256825910508
8395,85.88256825910508
8396,85.84145506953061
8397,85.84145506953061
8398,84.90764163941449
8399,84.90764163941449
8400,44.32914931641023
8401,44.32914931641023
8402,46.05169332040699
8403,46.05169332040699
8404,46.648401481954025
8405,46.648401481954025
8406,50.090415045897316
8407,50.090415045897316
8408,57.37529291038359
8409,57.37529291038359
8410,146.09915561938467
8411,146.09915561938467
8412,144.60776595123457
8413,144.60776595123457
8414,144.0141401873225
8415,144.0141401873225
8416,144.0141401873225
8417,144.0141401873225
8418,147.48366871844902
8419,147.48366871844902
8420,29.37492379675197
8421,29.37492379675197
8422,29.37492379675197
8423,29.37492379675197
8424,29.324159060154663
8425,29.324159060154663
8426,29.53961168894386
8427,29.53961168894386
8428,29.634268236164214
8429,29.634268236164214
8430,67.15893774932333
8431,67.15893774932333
8432,67.09598255014546
8433,67.09598255014546
8434,66.13592489081616
8435,66.13592489081616
8436,66.38971773795996
8437,66.38971773795996
8438,66.6225867483356
8439,66.6225867483356
8440,95.8046347089221
8441,95.8046347089221
8442,97.63373289267183
8443,97.63373289267183
8444,101.05516490165155
8445,101.05516490165155
8446,101.92945033542826
8447,101.92945033542826
8448,102.1095240277673
8449,102.1095240277673
8450,115.87039080410408
8451,115.87039080410408
8452,116.9782720776408
8453,116.9782720776408
8454,113.60388621463001
8455,113.60388621463001
8456,112.16594582324367
8457,112.16594582324367
8458,114.72364658903729
8459,114.72364658903729
8460,16.699096797487865
8461,16.699096797487865
8462,16.606644290848912
8463,16.606644290848912
8464,17.034539082868374
8465,17.034539082868374
8466,19.36953528178345
8467,19.36953528178345
8468,19.300054600807325
8469,19.300054600807325
8470,88.15507129465917
8471,88.15507129465917
8472,91.15256168718447
8473,91.15256168718447
8474,93.839701981542
8475,93.839701981542
8476,95.74551833629864
8477,95.74551833629864
8478,95.82333770094768
8479,95.82333770094768
8480,40.749297215266274
8481,40.749297215266274
8482,47.67466902426647
8483,47.67466902426647
8484,43.74238549241613
8485,43.74238549241613
8486,38.804943833443865
8487,38.804943833443865
8488,39.675383785660976
8489,39.675383785660976
8490,60.598046869557955
8491,60.598046869557955
8492,61.963492807446784
8493,61.963492807446784
8494,60.664846941628994
8495,60.664846941628994
8496,61.963492807446784
8497,61.963492807446784
8498,62.88080875388089
8499,62.88080875388089
8500,35.21340651882844
8501,35.21340651882844
8502,35.01413967680129
8503,35.01413967680129
8504,34.66446821154733
8505,34.66446821154733
8506,35.316289325363
8507,35.316289325363
8508,36.3993712321776
8509,36.3993712321776
8510,15.832536428377313
8511,15.832536428377313
8512,16.165254464984518
8513,16.165254464984518
8514,16.410962595371572
8515,16.410962595371572
8516,16.303555377788822
8517,16.303555377788822
8518,15.41805159435878
8519,15.41805159435878
8520,61.89398822820164
8521,61.89398822820164
8522,64.5000432892442
8523,64.5000432892442
8524,64.5000432892442
8525,64.5000432892442
8526,64.5000432892442
8527,64.5000432892442
8528,64.5000432892442
8529,64.5000432892442
8530,68.55161374500487
8531,68.55161374500487
8532,70.48518659353525
8533,70.48518659353525
8534,72.15401024413711
8535,72.15401024413711
8536,72.5026486932156
8537,72.5026486932156
8538,72.95323537507362
8539,72.95323537507362
8540,9.382637475331679
8541,9.382637475331679
8542,9.352522743811539
8543,9.352522743811539
8544,9.352522743811539
8545,9.352522743811539
8546,9.517210636003435
8547,9.517210636003435
8548,9.71894961277919
8549,9.71894961277919
8550,34.217172564564706
8551,34.217172564564706
8552,36.84121340917478
8553,36.84121340917478
8554,42.30249437818836
8555,42.30249437818836
8556,39.483838800858436
8557,39.483838800858436
8558,34.268572626658006
8559,34.268572626658006
8560,31.689931820972777
8561,31.689931820972777
8562,32.64040709907616
8563,32.64040709907616
8564,33.848323938059416
8565,33.848323938059416
8566,34.45140528808815
8567,34.45140528808815
8568,34.398537554027875
8569,34.398537554027875
8570,30.12429907419811
8571,30.12429907419811
8572,30.03289907046126
8573,30.03289907046126
8574,30.12429907419811
8575,30.12429907419811
8576,32.017890409008444
8577,32.017890409008444
8578,34.18670515558596
8579,34.18670515558596
8580,50.02139689040418
8581,50.02139689040418
8582,50.07951289718068
8583,50.07951289718068
8584,50.06171623939038
8585,50.06171623939038
8586,50.211395105711006
8587,50.211395105711006
8588,50.02139689040418
8589,50.02139689040418
8590,7.747096039651419
8591,7.747096039651419
8592,7.747096039651419
8593,7.747096039651419
8594,7.985740430649043
8595,7.985740430649043
8596,8.285001483512696
8597,8.285001483512696
8598,8.1203135913208
8599,8.1203135913208
8600,21.2331586607008
8601,21.2331586607008
8602,22.496726033261986
8603,22.496726033261986
8604,23.38284222557264
8605,23.38284222557264
8606,23.814115767371884
8607,23.814115767371884
8608,23.98602078633854
8609,23.98602078633854
8610,99.12484718837027
8611,99.12484718837027
8612,97.73661948150936
8613,97.73661948150936
8614,92.9365584046588
8615,92.9365584046588
8616,95.22259716695913
8617,95.22259716695913
8618,98.71005540463676
8619,98.71005540463676
8620,93.81238096746105
8621,93.81238096746105
8622,93.81238096746105
8623,93.81238096746105
8624,96.0001255600005
8625,96.0001255600005
8626,97.5428069334028
8627,97.5428069334028
8628,99.82665942449526
8629,99.82665942449526
8630,85.59103074189564
8631,85.59103074189564
8632,86.99572249780609
8633,86.99572249780609
8634,75.42411516957581
8635,75.42411516957581
8636,78.84913892582458
8637,78.84913892582458
8638,86.06864795642228
8639,86.06864795642228
8640,9.21165217538775
8641,9.21165217538775
8642,9.21165217538775
8643,9.21165217538775
8644,9.457717540370362
8645,9.457717540370362
8646,9.508482276967667
8647,9.508482276967667
8648,9.508482276967667
8649,9.508482276967667
8650,13.928891346439586
8651,13.928891346439586
8652,14.463078244079437
8653,14.463078244079437
8654,14.463078244079437
8655,14.463078244079437
8656,14.601379156883748
8657,14.601379156883748
8658,14.601379156883748
8659,14.601379156883748
8660,83.97411814378387
8661,83.97411814378387
8662,86.09922572581019
8663,86.09922572581019
8664,83.31349582056656
8665,83.31349582056656
8666,82.871002099475
8667,82.871002099475
8668,84.83513579498855
8669,84.83513579498855
8670,6.506108644495299
8671,6.506108644495299
8672,6.506108644495299
8673,6.506108644495299
8674,6.506108644495299
8675,6.506108644495299
8676,6.670796536687192
8677,6.670796536687192
8678,6.705663489301017
8679,6.705663489301017
8680,59.954599685486826
8681,59.954599685486826
8682,59.954599685486826
8683,59.954599685486826
8684,59.3431956983296
8685,59.3431956983296
8686,57.56998107701014
8687,57.56998107701014
8688,58.47202710449868
8689,58.47202710449868
8690,115.42051257234957
8691,115.42051257234957
8692,117.05287764672661
8693,117.05287764672661
8694,117.65579373094354
8695,117.65579373094354
8696,118.1340997416305
8697,118.1340997416305
8698,119.58396818314637
8699,119.58396818314637
8700,75.81419925218955
8701,75.81419925218955
8702,76.2731929769507
8703,76.2731929769507
8704,77.47463443740969
8705,77.47463443740969
8706,81.77833330523993
8707,81.77833330523993
8708,82.32058249771832
8709,82.32058249771832
8710,26.34987816182925
8711,26.34987816182925
8712,26.460765474710836
8713,26.460765474710836
8714,27.867012911953967
8715,27.867012911953967
8716,29.930395246913566
8717,29.930395246913566
8718,30.650225087992183
8719,30.650225087992183
8720,300.0902893429538
8721,300.0902893429538
8722,300.25407880579246
8723,300.25407880579246
8724,300.37988189142965
8725,300.37988189142965
8726,301.21836736743865
8727,301.21836736743865
8728,300.84875823088765
8729,300.84875823088765
8730,147.54202951116991
8731,147.54202951116991
8732,149.23341626476332
8733,149.23341626476332
8734,150.04892763417612
8735,150.04892763417612
8736,150.2792824533008
8737,150.2792824533008
8738,152.06798416094009
8739,152.06798416094009
8740,87.49675598869383
8741,87.49675598869383
8742,88.30380493957453
8743,88.30380493957453
8744,87.74076114560988
8745,87.74076114560988
8746,87.49675598869383
8747,87.49675598869383
8748,87.88183507423956
8749,87.88183507423956
8750,15.409053111344093
8751,15.409053111344093
8752,15.69557491568948
8753,15.69557491568948
8754,16.480886811296866
8755,16.480886811296866
8756,16.41341065774531
8757,16.41341065774531
8758,16.15737797955294
8759,16.15737797955294
8760,146.7104431619465
8761,146.7104431619465
8762,145.1869715927679
8763,145.1869715927679
8764,147.4975591681226
8765,147.4975591681226
8766,145.80977277575857
8767,145.80977277575857
8768,145.77374933427174
8769,145.77374933427174
8770,106.93293181591228
8771,106.93293181591228
8772,111.12544896929813
8773,111.12544896929813
8774,113.2210160712402
8775,113.2210160712402
8776,113.64165358562472
8777,113.64165358562472
8778,115.96060102853713
8779,115.96060102853713
8780,14.493754659485358
8781,14.493754659485358
8782,14.681634313885677
8783,14.681634313885677
8784,15.427742271860401
8785,15.427742271860401
8786,15.8579507579985
8787,15.8579507579985
8788,15.671894207041293
8789,15.671894207041293
8790,13.365454642899527
8791,13.365454642899527
8792,13.966141317056591
8793,13.966141317056591
8794,14.07068999426843
8795,14.07068999426843
8796,14.3996063466782
8797,14.3996063466782
8798,15.258894884254788
8799,15.258894884254788
8800,180.9746974944996
8801,180.9746974944996
8802,182.7581474314458
8803,182.7581474314458
8804,184.95203671190484
8805,184.95203671190484
8806,185.79989489455832
8807,185.50456289807067
8808,185.30855616780414
8809,185.30855616780414
8810,11.318130263734567
8811,11.318130263734567
8812,11.82667775509747
8813,11.82667775509747
8814,11.736878135825963
8815,11.736878135825963
8816,12.877495628487802
8817,12.877495628487802
8818,14.137302221765053
8819,14.137302221765053
8820,131.5351409179813
8821,131.5351409179813
8822,132.40710891320666
8823,132.40710891320666
8824,128.94032783182433
8825,128.94032783182433
8826,129.9261445463831
8827,129.9261445463831
8828,132.3514204367914
8829,132.3514204367914
8830,24.064263809408423
8831,24.064263809408423
8832,24.802151361920206
8833,24.802151361920206
8834,25.07245362843221
8835,25.07245362843221
8836,25.437645548430574
8837,25.437645548430574
8838,26.44859422929175
8839,26.44859422929175
8840,60.95313172910797
8841,60.95313172910797
8842,63.81773600363723
8843,63.81773600363723
8844,64.9204372292299
8845,64.9204372292299
8846,66.27311874778171
8847,66.27311874778171
8848,66.43195526215383
8849,66.43195526215383
8850,101.23368832788556
8851,101.51105275782034
8852,98.88718496451958
8853,98.88718496451958
8854,92.93819077219806
8855,92.93819077219806
8856,84.7790136666747
8857,84.7790136666747
8858,88.88512640705076
8859,88.88512640705076
8860,13.480960715892492
8861,13.480960715892492
8862,13.969731778046922
8863,13.969731778046922
8864,14.174195110758719
8865,14.174195110758719
8866,14.913408655274704
8867,14.913408655274704
8868,15.052771482105928
8869,15.052771482105928
8870,10.690009364536865
8871,10.690009364536865
8872,11.093341647726389
8873,11.093341647726389
8874,11.093341647726389
8875,11.093341647726389
8876,10.690009364536865
8877,10.690009364536865
8878,10.690009364536865
8879,10.690009364536865
8880,23.263106143664707
8881,23.263106143664707
8882,23.038452837431016
8883,23.038452837431016
8884,23.263106143664707
8885,23.263106143664707
8886,23.263106143664707
8887,23.263106143664707
8888,23.117417762164713
8889,23.117417762164713
8890,85.85982546176146
8891,85.85982546176146
8892,90.54384866827412
8893,90.54384866827412
8894,86.71313739853416
8895,86.71313739853416
8896,91.10129385296922
8897,91.10129385296922
8898,93.42965740275795
8899,93.42965740275795
8900,130.44439632355443
8901,130.44439632355443
8902,134.29940060150884
8903,134.29940060150884
8904,137.91031698771582
8905,137.91031698771582
8906,138.00979764724917
8907,138.00979764724917
8908,138.75950097976386
8909,138.75950097976386
8910,24.598621554249615
8911,24.598621554249615
8912,24.598621554249615
8913,24.598621554249615
8914,24.598621554249615
8915,24.598621554249615
8916,24.675009004339078
8917,24.675009004339078
8918,24.598621554249615
8919,24.598621554249615
8920,22.46386740381122
8921,22.46386740381122
8922,22.99005213690086
8923,22.99005213690086
8924,23.700135711717024
8925,23.700135711717024
8926,24.99492860125548
8927,24.99492860125548
8928,24.850619899111173
8929,24.850619899111173
8930,139.00605680218055
8931,139.00605680218055
8932,143.62873116223284
8933,143.62873116223284
8934,143.7989648934742
8935,143.7989648934742
8936,143.66589842347756
8937,143.66589842347756
8938,143.66589842347756
8939,143.66589842347756
8940,62.32763649120136
8941,62.32763649120136
8942,68.83846050512425
8943,68.83846050512425
8944,67.63409437853568
8945,67.63409437853568
8946,72.50293279673552
8947,72.50293279673552
8948,77.06497710218416
8949,77.06497710218416
8950,18.350591521772234
8951,18.350591521772234
8952,18.957463604199194
8953,18.957463604199194
8954,19.43655536699152
8955,19.43655536699152
8956,19.602880543527927
8957,19.602880543527927
8958,19.602880543527927
8959,19.602880543527927
8960,22.8584920250078
8961,22.8584920250078
8962,23.156301680593227
8963,23.156301680593227
8964,24.42870823280177
8965,24.42870823280177
8966,25.514534299271812
8967,25.514534299271812
8968,25.514534299271812
8969,25.514534299271812
8970,53.49636448009019
8971,53.49636448009019
8972,54.42476257532168
8973,54.42476257532168
8974,55.253141597232656
8975,55.253141597232656
8976,56.40686531106609
8977,56.40686531106609
8978,59.443200359262775
8979,59.443200359262775
8980,123.76171741069284
8981,123.76171741069284
8982,125.73621282090463
8983,125.73621282090463
8984,127.01909741309193
8985,127.01909741309193
8986,127.89879929178274
8987,127.89879929178274
8988,128.64628124797338
8989,128.64628124797338
8990,10.000052275615403
8991,10.000052275615403
8992,12.958887124984372
8993,12.958887124984372
8994,16.040929564677775
8995,16.040929564677775
8996,17.318796269047123
8997,17.318796269047123
8998,17.318796269047123
8999,17.318796269047123
9000,110.72624273839153
9001,110.72624273839153
9002,110.03176734456042
9003,110.03176734456042
9004,111.61792686745643
9005,111.61792686745643
9006,114.09509058184676
9007,114.09509058184676
9008,114.09509058184676
9009,114.09509058184676
9010,88.64588087778951
9011,88.64588087778951
9012,91.24135192917652
9013,91.24135192917652
9014,91.24135192917652
9015,91.24135192917652
9016,89.7142847284141
9017,89.7142847284141
9018,89.7142847284141
9019,89.7142847284141
9020,32.84713057122955
9021,32.84713057122955
9022,32.95981727578961
9023,32.95981727578961
9024,33.09499728453419
9025,33.09499728453419
9026,33.259683821807805
9027,33.259683821807805
9028,33.09499728453419
9029,33.09499728453419
9030,92.15810989322296
9031,92.15810989322296
9032,94.8149690758233
9033,94.8149690758233
9034,97.55751325012572
9035,97.55751325012572
9036,99.20719609164198
9037,99.20719609164198
9038,99.47253328754375
9039,99.47253328754375
9040,6.252755059043889
9041,6.252755059043889
9042,6.765756443101155
9043,6.765756443101155
9044,6.252755059043889
9045,6.252755059043889
9046,6.176367608954426
9047,6.176367608954426
9048,6.176367608954426
9049,6.176367608954426
9050,111.65507196945114
9051,111.65507196945114
9052,113.53975504927949
9053,113.53975504927949
9054,114.66223253375863
9055,114.66223253375863
9056,117.98052153696256
9057,117.98052153696256
9058,118.76801707458043
9059,118.76801707458043
9060,22.80599956027537
9061,22.80599956027537
9062,23.051374212560017
9063,23.051374212560017
9064,23.664295370750693
9065,23.664295370750693
9066,24.845317994492174
9067,24.845317994492174
9068,25.277841224044504
9069,25.277841224044504
9070,61.319464019239675
9071,61.319464019239675
9072,63.060454195985656
9073,63.060454195985656
9074,64.31598497189638
9075,64.31598497189638
9076,64.59489421114522
9077,64.59489421114522
9078,65.44961332934095
9079,65.44961332934095
9080,16.648191909269688
9081,16.648191909269688
9082,17.815781975241404
9083,17.815781975241404
9084,17.815781975241404
9085,17.815781975241404
9086,18.74600387317233
9087,18.74600387317233
9088,19.25485381961139
9089,19.25485381961139
9090,74.25515841024485
9091,74.25515841024485
9092,75.45596127190582
9093,75.45596127190582
9094,77.1063522900298
9095,77.1063522900298
9096,78.02052979663813
9097,78.02052979663813
9098,78.57108169457742
9099,78.57108169457742
9100,36.03818373063301
9101,36.03818373063301
9102,36.44522867979094
9103,36.44522867979094
9104,36.271053286986984
9105,36.271053286986984
9106,35.471882625160866
9107,35.471882625160866
9108,35.85393893257954
9109,35.85393893257954
9110,118.82198340976427
9111,118.82198340976427
9112,130.30518504786897
9113,130.30518504786897
9114,142.30924477161346
9115,142.30924477161346
9116,146.33522497296573
9117,146.33522497296573
9118,148.63925207181614
9119,148.63925207181614
9120,150.96149396350364
9121,150.96149396350364
9122,153.71584850943728
9123,153.71584850943728
9124,153.71584850943728
9125,153.71584850943728
9126,153.26796218177523
9127,153.26796218177523
9128,153.73706977187192
9129,153.73706977187192
9130,2.3335888266941818
9131,2.3335888266941818
9132,2.3335888266941818
9133,2.3335888266941818
9134,2.3335888266941818
9135,2.3335888266941818
9136,2.3335888266941818
9137,2.3335888266941818
9138,2.3335888266941818
9139,2.3335888266941818
9140,15.024222248235217
9141,15.024222248235217
9142,15.024222248235217
9143,15.024222248235217
9144,15.024222248235217
9145,15.024222248235217
9146,14.92956570101486
9147,14.92956570101486
9148,14.92956570101486
9149,14.92956570101486
9150,16.076086454578924
9151,16.076086454578924
9152,16.076086454578924
9153,16.076086454578924
9154,16.414894936980172
9155,16.414894936980172
9156,16.901304229549897
9157,16.901304229549897
9158,17.70685311128017
9159,17.70685311128017
9160,98.22495189349175
9161,98.22495189349175
9162,101.48722331606442
9163,101.48722331606442
9164,100.11776828802996
9165,100.11776828802996
9166,103.11046043797185
9167,103.11046043797185
9168,102.61476083822888
9169,102.61476083822888
9170,16.103367680601597
9171,16.103367680601597
9172,17.6406267280142
9173,17.6406267280142
9174,17.440286220538773
9175,17.440286220538773
9176,16.103367680601597
9177,16.103367680601597
9178,16.103367680601597
9179,16.103367680601597
9180,75.12250640427487
9181,75.12250640427487
9182,75.09233806200648
9183,75.09233806200648
9184,75.12250640427487
9185,75.12250640427487
9186,75.09233806200648
9187,75.09233806200648
9188,75.09233806200648
9189,75.09233806200648
9190,30.002636795861672
9191,30.002636795861672
9192,29.678164248528237
9193,29.678164248528237
9194,31.94395691733647
9195,31.94395691733647
9196,31.955215335015062
9197,31.955215335015062
9198,31.80952695351506
9199,31.80952695351506
9200,81.03219734982054
9201,81.03219734982054
9202,82.8489234483789
9203,82.8489234483789
9204,84.00675768336573
9205,84.00675768336573
9206,85.01854813556973
9207,85.01854813556973
9208,85.01854813556973
9209,85.01854813556973
9210,23.893025570165726
9211,23.893025570165726
9212,23.5088596602204
9213,23.5088596602204
9214,24.24443794466453
9215,24.24443794466453
9216,24.24443794466453
9217,24.24443794466453
9218,23.755418748533558
9219,23.755418748533558
9220,20.7215931129059
9221,20.7215931129059
9222,21.703943859316716
9223,21.703943859316716
9224,22.3942066143494
9225,22.3942066143494
9226,22.50161383193215
9227,22.50161383193215
9228,22.3942066143494
9229,22.3942066143494
9230,166.60513092713273
9231,166.60513092713273
9232,170.71252903740324
9233,170.71252903740324
9234,174.53902838063595
9235,174.53902838063595
9236,176.38171689681053
9237,176.08638490032288
9238,175.83216784776616
9239,175.83216784776616
9240,47.07114589612005
9241,47.07114589612005
9242,47.23806587962812
9243,47.23806587962812
9244,47.80871556690493
9245,47.80871556690493
9246,48.153319309071684
9247,48.153319309071684
9248,48.326785969521154
9249,48.326785969521154
9250,15.805364561991215
9251,15.805364561991215
9252,15.805364561991215
9253,15.805364561991215
9254,15.993244216391536
9255,15.993244216391536
9256,16.157932108583434
9257,16.157932108583434
9258,16.45432763257955
9259,16.45432763257955
9260,16.042111752480203
9261,16.042111752480203
9262,16.38092023488144
9263,16.38092023488144
9264,16.918948058671564
9265,16.918948058671564
9266,17.424583664454595
9267,17.424583664454595
9268,16.38092023488144
9269,16.38092023488144
9270,27.867109071791567
9271,27.867109071791567
9272,27.598823327801647
9273,27.598823327801647
9274,27.867109071791567
9275,27.867109071791567
9276,29.156722938952427
9277,29.156722938952427
9278,29.807340936469103
9279,29.807340936469103
9280,47.86316776956404
9281,47.86316776956404
9282,50.571625930924135
9283,50.571625930924135
9284,53.236089699671375
9285,53.236089699671375
9286,53.236089699671375
9287,53.236089699671375
9288,56.6686950878079
9289,56.6686950878079
9290,129.46261562786066
9291,129.46261562786066
9292,134.18135606093054
9293,134.18135606093054
9294,132.63095210713004
9295,132.63095210713004
9296,121.54213724449643
9297,121.54213724449643
9298,123.74591184946954
9299,123.74591184946954
9300,4.520146161988172
9301,4.520146161988172
9302,4.520146161988172
9303,4.520146161988172
9304,4.520146161988172
9305,4.520146161988172
9306,4.520146161988172
9307,4.520146161988172
9308,4.596533612077635
9309,4.596533612077635
9310,28.161661780049304
9311,28.161661780049304
9312,27.883079363739007
9313,27.883079363739007
9314,28.161661780049304
9315,28.161661780049304
9316,27.751255529351983
9317,27.751255529351983
9318,27.751255529351983
9319,27.751255529351983
9320,13.759737397970836
9321,13.759737397970836
9322,13.759737397970836
9323,13.759737397970836
9324,13.759737397970836
9325,13.759737397970836
9326,13.759737397970836
9327,13.759737397970836
9328,13.8361248480603
9329,13.8361248480603
9330,47.73650552283453
9331,47.73650552283453
9332,48.42787257412585
9333,48.42787257412585
9334,48.72658742527595
9335,48.72658742527595
9336,48.898520895368954
9337,48.898520895368954
9338,49.27747555009803
9339,49.27747555009803
9340,73.43222481992495
9341,73.43222481992495
9342,81.72099783504406
9343,81.72099783504406
9344,79.45375911153033
9345,79.45375911153033
9346,79.45375911153033
9347,79.45375911153033
9348,82.10171528876056
9349,82.10171528876056
9350,29.46223192875564
9351,29.46223192875564
9352,29.260185959959994
9353,29.260185959959994
9354,28.80601589493944
9355,28.80601589493944
9356,30.37045926898661
9357,30.37045926898661
9358,30.37045926898661
9359,30.37045926898661
9360,25.003278382871258
9361,25.003278382871258
9362,24.52836321392109
9363,24.52836321392109
9364,24.466084078297126
9365,24.466084078297126
9366,24.52836321392109
9367,24.52836321392109
9368,24.466084078297126
9369,24.466084078297126
9370,42.42853584198139
9371,42.42853584198139
9372,42.57635140591103
9373,42.57635140591103
9374,43.55667106841264
9375,43.55667106841264
9376,43.39345639336774
9377,43.39345639336774
9378,42.42853584198139
9379,42.42853584198139
9380,16.303165662905517
9381,16.303165662905517
9382,16.694918408254885
9383,16.694918408254885
9384,17.3964470379022
9385,17.3964470379022
9386,17.715077108388382
9387,17.715077108388382
9388,17.97740955032585
9389,17.97740955032585
9390,43.11318626897971
9391,43.11318626897971
9392,44.50716244785094
9393,44.50716244785094
9394,44.50716244785094
9395,44.50716244785094
9396,43.95517606227223
9397,43.95517606227223
9398,46.0415060226919
9399,46.0415060226919
9400,152.20395377624152
9401,152.20395377624152
9402,155.36246183493955
9403,155.36246183493955
9404,158.457313476579
9405,158.457313476579
9406,160.83503332102035
9407,160.5397013245327
9408,160.5397013245327
9409,160.5397013245327
9410,27.141199735153435
9411,27.141199735153435
9412,26.978942794245274
9413,26.978942794245274
9414,26.90255534415581
9415,26.90255534415581
9416,26.90255534415581
9417,26.90255534415581
9418,26.90255534415581
9419,26.90255534415581
9420,40.394003719189236
9421,40.394003719189236
9422,42.297629073753924
9423,42.297629073753924
9424,40.78622662830024
9425,40.78622662830024
9426,40.394003719189236
9427,40.394003719189236
9428,41.19800682512172
9429,41.19800682512172
9430,75.06578906089996
9431,75.06578906089996
9432,79.05148013201408
9433,79.05148013201408
9434,78.4093967192748
9435,78.4093967192748
9436,78.86412156629088
9437,78.86412156629088
9438,93.54612201461089
9439,93.54612201461089
9440,23.549814959700583
9441,23.549814959700583
9442,24.858346566709628
9443,24.858346566709628
9444,25.05928339057516
9445,25.05928339057516
9446,24.990064009340372
9447,24.990064009340372
9448,25.110161448520792
9449,25.110161448520792
9450,157.8054908162623
9451,157.8054908162623
9452,162.50714701503313
9453,162.50714701503313
9454,164.8378952365755
9455,164.8378952365755
9456,165.83127346409427
9457,165.53594146760662
9458,166.14408183932548
9459,166.14408183932548
9460,188.41078600829863
9461,188.41078600829863
9462,188.41078600829863
9463,188.41078600829863
9464,188.41078600829863
9465,188.41078600829863
9466,185.9245038100489
9467,185.9245038100489
9468,187.63340107705432
9469,187.63340107705432
9470,51.688141452341526
9471,51.688141452341526
9472,52.09244437954527
9473,52.09244437954527
9474,52.576046109970875
9475,52.576046109970875
9476,59.35429966263013
9477,59.35429966263013
9478,60.48395489694168
9479,60.48395489694168
9480,57.11234443096278
9481,57.11234443096278
9482,53.262670337109476
9483,53.262670337109476
9484,50.589595284324155
9485,50.589595284324155
9486,50.589595284324155
9487,50.589595284324155
9488,54.20162086365279
9489,54.20162086365279
9490,7.276932954881703
9491,7.276932954881703
9492,7.814838398742986
9493,7.814838398742986
9494,7.849705351356811
9495,7.849705351356811
9496,8.200839651205742
9497,8.200839651205742
9498,8.756820856772984
9499,8.756820856772984
9500,83.75488822221376
9501,83.75488822221376
9502,87.6696769097973
9503,87.6696769097973
9504,91.5480403960375
9505,91.5480403960375
9506,94.4527561537324
9507,94.4527561537324
9508,94.01156476596286
9509,94.01156476596286
9510,84.01167086397658
9511,84.01167086397658
9512,85.89112771906686
9513,85.89112771906686
9514,88.4202529745948
9515,88.4202529745948
9516,90.3983986783661
9517,90.3983986783661
9518,88.90386133573328
9519,88.90386133573328
9520,31.330911396384895
9521,31.330911396384895
9522,31.363738396594332
9523,31.363738396594332
9524,32.015834075145655
9525,32.015834075145655
9526,32.62872356130233
9527,32.62872356130233
9528,32.62872356130233
9529,32.62872356130233
9530,70.60513048076868
9531,70.60513048076868
9532,71.13638669006744
9533,71.13638669006744
9534,70.39541212643928
9535,70.39541212643928
9536,68.34593912765435
9537,68.34593912765435
9538,68.55921853563785
9539,68.55921853563785
9540,22.52243284549004
9541,22.52243284549004
9542,23.52906792998872
9543,23.52906792998872
9544,26.48441079967294
9545,26.48441079967294
9546,25.65543399259459
9547,25.65543399259459
9548,22.20339774827313
9549,22.20339774827313
9550,14.473183549180257
9551,14.473183549180257
9552,14.564583552917108
9553,14.564583552917108
9554,14.671860348483577
9555,14.671860348483577
9556,14.766322529692866
9557,14.766322529692866
9558,14.766322529692866
9559,14.766322529692866
9560,70.48344437918495
9561,69.55289352474506
9562,71.0370464537456
9563,71.0370464537456
9564,71.28338242260567
9565,71.28338242260567
9566,64.91042607205627
9567,64.91042607205627
9568,66.65160624602349
9569,66.65160624602349
9570,80.531031703609
9571,80.531031703609
9572,79.60190701399846
9573,79.60190701399846
9574,80.96782782938607
9575,80.96782782938607
9576,80.84886758460061
9577,80.84886758460061
9578,80.96782782938607
9579,80.96782782938607
9580,43.41884807644499
9581,43.41884807644499
9582,42.68582681462021
9583,42.68582681462021
9584,43.39782751649904
9585,43.39782751649904
9586,42.97880088300788
9587,42.97880088300788
9588,43.41884807644499
9589,43.41884807644499
9590,47.48694833600554
9591,47.48694833600554
9592,47.796131117986874
9593,47.796131117986874
9594,49.49254254516116
9595,49.49254254516116
9596,50.86528290061675
9597,50.86528290061675
9598,50.192554187801335
9599,50.192554187801335
9600,66.53202129867776
9601,66.53202129867776
9602,64.21297227183202
9603,64.21297227183202
9604,60.30637050277445
9605,60.30637050277445
9606,62.06432922281354
9607,62.06432922281354
9608,67.75622371941888
9609,67.75622371941888
9610,17.998167289442694
9611,17.998167289442694
9612,21.885402021054574
9613,21.885402021054574
9614,20.30662168227582
9615,20.30662168227582
9616,18.52640119544126
9617,18.52640119544126
9618,18.52640119544126
9619,18.52640119544126
9620,36.47961992554577
9621,36.47961992554577
9622,36.738964364958015
9623,36.738964364958015
9624,36.69042690727112
9625,36.69042690727112
9626,37.24333540619216
9627,37.24333540619216
9628,37.00318846176057
9629,37.00318846176057
9630,77.94434548587078
9631,77.94434548587078
9632,77.38471235791502
9633,77.38471235791502
9634,77.9046877598978
9635,77.9046877598978
9636,77.53286397521835
9637,77.53286397521835
9638,77.95293670390612
9639,77.95293670390612
9640,102.66864981529628
9641,102.66864981529628
9642,104.69741226350834
9643,104.69741226350834
9644,102.75990835508254
9645,102.75990835508254
9646,100.22700630118545
9647,100.22700630118545
9648,101.40689403909717
9649,101.40689403909717
9650,41.69521354788955
9651,41.69521354788955
9652,40.65974380987382
9653,40.65974380987382
9654,40.141849260524175
9655,40.141849260524175
9656,39.594623663947324
9657,39.594623663947324
9658,38.8540167082806
9659,38.8540167082806
9660,7.743036597842699
9661,7.743036597842699
9662,8.071952950252461
9663,8.071952950252461
9664,8.163352953989312
9665,8.163352953989312
9666,8.530577323747007
9667,8.530577323747007
9668,8.421610446125008
9669,8.421610446125008
9670,107.05870816568454
9671,107.05870816568454
9672,108.65790413435631
9673,108.65790413435631
9674,107.05870816568454
9675,107.05870816568454
9676,106.23231620792758
9677,106.23231620792758
9678,106.23231620792758
9679,106.23231620792758
9680,69.57395178192309
9681,69.57395178192309
9682,71.2759983485838
9683,71.2759983485838
9684,72.31845668996483
9685,72.31845668996483
9686,73.42443442710379
9687,73.42443442710379
9688,74.86569265002494
9689,74.86569265002494
9690,7.363598000045171
9691,7.363598000045171
9692,7.363598000045171
9693,7.363598000045171
9694,7.363598000045171
9695,7.363598000045171
9696,7.363598000045171
9697,7.363598000045171
9698,7.363598000045171
9699,7.363598000045171
9700,143.74009168133878
9701,143.74009168133878
9702,137.57599898540997
9703,137.57599898540997
9704,139.44865024382477
9705,139.44865024382477
9706,142.7055658014547
9707,142.7055658014547
9708,142.7055658014547
9709,142.7055658014547
9710,28.04539394670845
9711,28.04539394670845
9712,28.699700075777272
9713,28.699700075777272
9714,29.6811183293845
9715,29.6811183293845
9716,29.839640710871144
9717,29.839640710871144
9718,30.31735018828324
9719,30.31735018828324
9720,29.421067471946667
9721,29.421067471946667
9722,29.598923767326436
9723,29.598923767326436
9724,29.935473176311852
9725,29.935473176311852
9726,30.48518742367147
9727,30.48518742367147
9728,31.22546048356585
9729,31.22546048356585
9730,85.30478820164923
9731,85.30478820164923
9732,88.76365012489899
9733,88.76365012489899
9734,89.66842378661259
9735,89.66842378661259
9736,90.73333635554712
9737,90.73333635554712
9738,90.73333635554712
9739,90.73333635554712
9740,108.82474130810793
9741,108.82474130810793
9742,108.15899187107514
9743,108.15899187107514
9744,102.38316710209108
9745,102.38316710209108
9746,101.59274032746087
9747,101.59274032746087
9748,104.34264782671218
9749,104.34264782671218
9750,10.224418510410304
9751,10.224418510410304
9752,10.713626478541164
9753,10.713626478541164
9754,10.94069133169864
9755,10.94069133169864
9756,11.340289312997834
9757,11.340289312997834
9758,11.43494586021819
9759,11.43494586021819
9760,17.212910097649267
9761,17.212910097649267
9762,17.933783704258754
9763,17.933783704258754
9764,18.334338968319244
9765,18.334338968319244
9766,18.633215591592492
9767,18.633215591592492
9768,18.730651350371122
9769,18.730651350371122
9770,128.51099104581704
9771,128.51099104581704
9772,128.51099104581704
9773,128.51099104581704
9774,127.88892053147985
9775,127.88892053147985
9776,127.57502526534033
9777,127.57502526534033
9778,129.7859642916948
9779,129.7859642916948
9780,6.298736926050002
9781,6.298736926050002
9782,6.367626343807781
9783,6.367626343807781
9784,5.689052495525473
9785,5.689052495525473
9786,5.28572021233595
9787,5.28572021233595
9788,5.28572021233595
9789,5.28572021233595
9790,72.66987804844177
9791,72.66987804844177
9792,74.43333483415536
9793,74.43333483415536
9794,72.04638876420371
9795,72.04638876420371
9796,71.14797864945736
9797,71.14797864945736
9798,72.13872902654659
9799,72.13872902654659
9800,23.85341699562566
9801,23.85341699562566
9802,27.174985976100267
9803,27.174985976100267
9804,29.664147315865936
9805,29.664147315865936
9806,30.194043364263145
9807,30.194043364263145
9808,32.26845095259841
9809,32.26845095259841
9810,28.298576208812246
9811,28.298576208812246
9812,30.382636826348076
9813,30.382636826348076
9814,31.42364121632239
9815,31.42364121632239
9816,27.50428036513033
9817,27.50428036513033
9818,25.292005501514105
9819,25.292005501514105
9820,24.605042980961976
9821,24.605042980961976
9822,25.72510734413898
9823,25.72510734413898
9824,26.684358936007794
9825,26.684358936007794
9826,27.1688691081852
9827,27.1688691081852
9828,27.1688691081852
9829,27.1688691081852
9830,93.70991747991894
9831,93.70991747991894
9832,102.61760789815908
9833,102.61760789815908
9834,78.62492758366865
9835,78.62492758366865
9836,79.38983873767087
9837,79.38983873767087
9838,99.5450662641304
9839,99.5450662641304
9840,61.36165969318183
9841,61.36165969318183
9842,61.87648802734929
9843,61.87648802734929
9844,62.18260644560809
9845,62.18260644560809
9846,62.11444892325977
9847,62.11444892325977
9848,64.48875140350516
9849,64.48875140350516
9850,20.64283872965158
9851,20.64283872965158
9852,20.64283872965158
9853,20.64283872965158
9854,20.68365084664985
9855,20.68365084664985
9856,19.55703912683929
9857,19.55703912683929
9858,20.295046320677862
9859,20.295046320677862
9860,50.868903185545264
9861,50.868903185545264
9862,50.80493520030203
9863,50.80493520030203
9864,50.99463560804332
9865,50.99463560804332
9866,52.222684704975194
9867,52.222684704975194
9868,53.0768129257912
9869,53.0768129257912
9870,12.551211603183388
9871,12.551211603183388
9872,13.054707977776532
9873,13.054707977776532
9874,13.610689183343771
9875,13.610689183343771
9876,13.610689183343771
9877,13.610689183343771
9878,13.610689183343771
9879,13.610689183343771
9880,18.181500579736962
9881,18.181500579736962
9882,19.02479717837009
9883,19.02479717837009
9884,19.02479717837009
9885,19.02479717837009
9886,19.27331263075828
9887,19.27331263075828
9888,20.524233946923978
9889,20.524233946923978
9890,82.97503773492429
9891,82.97503773492429
9892,88.26766131670335
9893,88.26766131670335
9894,89.71963175300156
9895,89.71963175300156
9896,89.71963175300156
9897,89.71963175300156
9898,89.37555238861223
9899,89.37555238861223
9900,70.49854299855893
9901,70.49854299855893
9902,72.70381473640388
9903,72.70381473640388
9904,76.7561113021799
9905,76.7561113021799
9906,81.4744933086043
9907,81.4744933086043
9908,81.6815927406243
9909,81.6815927406243
9910,60.49643593007456
9911,60.49643593007456
9912,61.09124514464138
9913,61.09124514464138
9914,62.65228048341171
9915,62.65228048341171
9916,62.14516249090321
9917,62.14516249090321
9918,62.65228048341171
9919,62.65228048341171
9920,73.86757469392636
9921,73.86757469392636
9922,74.06427947833636
9923,74.06427947833636
9924,74.43683953998558
9925,74.43683953998558
9926,75.30687591227085
9927,75.30687591227085
9928,74.43683953998558
9929,74.43683953998558
9930,27.309863068535673
9931,27.309863068535673
9932,28.90518230925413
9933,28.90518230925413
9934,29.31227016339081
9935,29.31227016339081
9936,29.666700079680236
9937,29.666700079680236
9938,30.045885978690603
9939,30.045885978690603
9940,111.77110272611519
9941,111.77110272611519
9942,116.17978189296898
9943,116.17978189296898
9944,120.66246580050286
9945,120.66246580050286
9946,125.51093141614037
9947,125.51093141614037
9948,125.83926800534265
9949,125.83926800534265
9950,195.21664887696025
9951,195.84872348778637
9952,196.05258245970953
9953,196.05258245970953
9954,196.10106713641295
9955,196.10106713641295
9956,193.19783199064094
9957,192.9024999941533
9958,195.55339149129873
9959,195.55339149129873
9960,83.24995762816694
9961,83.24995762816694
9962,84.65151914510815
9963,84.65151914510815
9964,84.65151914510815
9965,84.65151914510815
9966,84.16414353630816
9967,84.16414353630816
9968,84.16414353630816
9969,84.16414353630816
9970,20.14904859477467
9971,20.14904859477467
9972,20.14904859477467
9973,20.14904859477467
9974,20.14904859477467
9975,20.14904859477467
9976,20.580322136573905
9977,20.580322136573905
9978,21.208203862748274
9979,21.208203862748274
9980,39.58484636333831
9981,39.58484636333831
9982,40.02612182839699
9983,40.02612182839699
9984,39.918714610814234
9985,39.918714610814234
9986,39.80859636014078
9987,39.80859636014078
9988,39.791489615595694
9989,39.791489615595694
9990,92.20747922337391
9991,92.20747922337391
9992,90.45633942604475
9993,90.45633942604475
9994,90.59727996345148
9995,90.59727996345148
9996,91.10054639286372
9997,91.10054639286372
9998,92.72037507835722
9999,92.72037507835722
